question,ground_truth
Đội thủ Panthers đã thua bao nhiêu điểm?,308
Jared Allen có bao nhiêu lần vật ngã trong sự nghiệp?,136
Luke Kuechly đã có bao nhiêu cú húc?,118
Josh Norman đã đoạt bóng được bao nhiêu lần?,bốn lựa chọn
Ai có được nhiều lần vật ngã nhất trong đội mùa này?,Kawann Short
Đội thủ Panthers có bao nhiêu lần đoạt bóng trong năm 2015?,24
Ai dẫn đầu Panthers về số lần vật ngã?,Kawann Short
Có bao nhiêu người chơi phòng thủ Panthers đã được chọn vào Pro Bowl?,bốn lựa chọn
Thomas Davis có bao nhiêu lần húc văng bóng?,bốn lựa chọn
Cầu thủ nào có nhiều lần đoạt bóng nhất trong mùa giải?,Kurt Coleman
Đội thủ Panthers có được bao nhiêu lần đoạt bóng trong mùa giải 2015?,24
Ai đã có năm lần vật ngã trong chín trận đấu khi xuất phát cho Carolina Panthers?,Kony Ealy
Ai dẫn đầu số lần húc của Panthers năm 2015?,Luke Kuechly
Josh Norman có bao nhiêu lần đoạt bóng trong năm 2015?,2
Ai thua đội Broncos ở vòng bảng?,Pittsburgh Steelers
Broncos ghi được bao nhiêu đểm trong ba phút cuối của trận đấu với Pittsburgh?,11
Ai đã giành Super Bowl XLIX?,New England Patriots
Điểm số cuối cùng của AFC Championship Game là bao nhiêu?,20-18
Trên đồng hồ còn lại bao nhiêu thời gian khi Broncos thực hiện đánh chặn đã giành được AFC Championship Game?,17 giây
Đội nào là đội chiến thắng ở vòng bảng giữa Broncos và Steelers?,Broncos
Điểm số cuối cùng của trận đấu giữa Broncos và Steelers là bao nhiêu?,23-16
Trận đấu còn lại bao nhiêu giây khi Broncos đoạt bóng từ đường chuyền và giành chiến thắng trong trận đấu?,17
"Trong các trận đấu play-off của Bronco, ai đã không ném bóng?",Manning
Broncos đã đánh bại đội nào trong trận đấu vòng bảng?,Pittsburgh Steelers
Broncos đã ghi bao nhiêu điểm trong ba phút cuối cùng của trận đấu với Pittsburgh?,11
Broncos đã đánh bại đội nào trong AFC Championship game?,New England Patriots
Broncos đã đánh bại đội nào để giành chiến thắng ở vòng bảng vào năm 2015?,Pittsburgh Steelers
Broncos đã đánh bại đội nào để trở thành nhà vô địch AFC?,New England Patriots
Trận đấu còn lại bao nhiêu giây khi đội Patriots thất bại trong việc chuyển đổi 2 điểm của họ?,17
Peyton Manning bao nhiêu tuổi khi anh chơi trong Super Bowl 50?,39
Ai trước đây từng giữ kỷ lục là thủ quân lớn tuổi nhất chơi trong trận Super Bowl?,John Elway
John Elway bao nhiêu tuổi khi anh chơi trong trận Super Bowl XXXIII?,38
John Elway hiện đang có vai trò gì trong hệ thống của Broncos?,Phó Chủ tịch Điều hành Bóng đá và Tổng Giám đốc của Denver
John Elway đã chơi cho ai trong hệ thống Super Bowl XXXIII?,Broncos
Đội nào chiến thắng trong Super Bowl XXXIII?,Broncos
Tổng Giám đốc của Broncos là ai?,John Elway
Elway bao nhiêu tuổi khi giành chiến thắng trong trận Super Bowl XXXIII?,38
Ai có kỷ lục là thủ quân lớn tuổi nhất trong các trận đấu Super Bowl?,Peyton Manning
Manning đã chơi cho bao nhiêu đội đến được trận Super Bowl trong khi anh ấy ở trong đội của họ?,hai
Peyton Manning đã đưa bao nhiêu đội khác nhau đến Super Bowl?,hai
Ai là thủ quân lớn tuổi nhất chơi trong một trận Super Bowl?,Peyton Manning
"Trước Manning, ai là thủ quân lớn tuổi nhất chơi trong một trận Super Bowl?",John Elway
Elway đã giành chiến thắng Super Bowl nào khi 38 tuổi?,Super Bowl XXXIII
Ai là thủ quân đầu tiên đưa hai đội tới nhiều hơn một trận Super Bowl?,Peyton Manning
Manning bao nhiêu tuổi khi chơi Super Bowl 50?,39
Tên của thủ quân đã 38 tuổi trong trận Super Bowl XXXIII là gì?,John Elway
Lady Gaga đã giành được bao nhiêu giải Grammy?,sáu
Lady Gaga đã hát bài gì?,quốc ca
Marlee Matlin đã giành được giải thưởng nào?,Giải thưởng Viện hàn lâm
Marlee Matlin đã dịch cái gì?,quốc ca
Marlee Matlin đã dịch quốc ca sang ngôn ngữ nào?,Ngôn ngữ Ký hiệu Mỹ
Ai hát quốc ca?,Lady Gaga
Nữ diễn viên nào đã thực hiện bản dịch ASL cho trận đấu?,Marlee Matlin
Ai đã hát Quốc Ca tại Super Bowl 50?,Lady Gaga
Diễn viên nào đã thực hiện ngôn ngữ ký hiệu cho Quốc Ca tại Superbowl 50?,Marlee Matlin
Có bao nhiêu giải thưởng Grammy mà văn bản nói Lady Gaga đã giành được?,sáu
Ai đã thực hiện ngôn ngữ ký hiệu của Quốc Ca tại Super Bowl 50?,Marlee Matlin
Carolina đã bắt đầu ở vạch nào khi trận đấu còn 4:51?,24
Ai đã bị húc văng bóng ở “lượt chơi thứ 3 và 9 yard”?,Newton
Hậu vệ Panther nào phạm lỗi giữ người ở lượt chơi thứ ba?,Josh Norman
Cầu thủ nào đã ghi điểm từ vạch 2 yard?,Anderson
Ai là người nhận bóng để chuyển đổi 2 điểm thành công?,Bennie Fowler
Ai tước bóng từ Newton ở “lượt chơi thứ 3 và 9 yard?,Miller
Ai đã lấy lại được bóng bị tước?,Ward
Cầu thủ nào bị chỉ trích vì không nhảy vào để lấy lại bóng?,Newton
Cầu thủ nào của Panthers đã bị phạt và điều đó đã mang đến cho Broncos một loạt lượt chơi mới?,Josh Norman
Trận đấu còn lại bao lâu khi Denver nâng tỷ số lên 24-10?,3:08
Thời gian trên đồng hồ là bao nhiêu khi Carolina có bóng ở vạch 24 yard ở phần sân của họ trong hiệp 4?,4:51
Họ của cầu thủ đã lấy bóng từ Newton vào cuối hiệp 4 là gì?,Miller
Họ của của cầu thủ đã lấy lại được quả bóng mà Newton bị mất trong hiệp 4 là gì?,Ward
Denver bị giữ ở ngoài vùng cấm địa bao nhiêu lượt sau khi nhận bóng từ Newton?,ba
Họ của cầu thủ ghi điểm touchdown từ vạch 2 yard trong hiệp 4 là gì?,Anderson
Vườn Saxon trong tiếng Ba Lan là gì?,Ogród Saski
Nhà hát Mùa hè nằm ở đâu?,Vườn Saxon
Nhà hát Mùa hè đã hoạt động được bao lâu?,năm 1870 đến 1939
Quán rượu văn học đầu tiên của Warsaw là gì?,Momus
"Nhà hát nào là ví dụ điển hình nhất của ""nhà hát hoành tráng của Ba Lan""?",Nhà hát Wojciech Bogusławski
Đội nào đã giành giải vô địch Ekstraklasa vào năm 2000?,Polonia Warsaw
Polonia Warsaw giành được chức vô địch quốc gia vào năm nào trước năm 2000?,năm 1946
Polonia giành được cúp bao nhiêu lần?,hai
Sân nhà của Polonia nằm ở đâu?,Đường Konwiktorka
Tại sao Polonia rơi khỏi nhóm các đội hàng đầu quốc gia vào năm 2013?,tình hình tài chính thảm khốc
Warsaw thuộc loại thành phố nào khi còn là một thành phố?,đa văn hóa
Dân số Warsaw năm 1901 là bao nhiêu?,711.988
"Trong số cư dân Warsaw năm 1901, bao nhiêu phần trăm là người Công giáo?","56,2%"
Bao nhiêu phần trăm dân số Warsaw là người Tin lành vào năm 1901?,"2,8% người Tin lành"
Hầu hết các nơi thờ cúng tôn giáo bị phá hủy ở Warsaw vào năm nào?,năm 1944
Đơn vị cơ bản của phân chia lãnh thổ ở Ba Lan là gì?,xã
Cấp độ thứ hai của việc phân chia lãnh thổ ở Ba Lan là gì?,các quận
Những quận nào có số đăng ký cho xe ô tô cùng loại?,Kraków
Sàn giao dịch chứng khoán đầu tiên của Warsaw được thành lập khi nào?,năm 1817
Điều gì đã khiến sàn giao dịch chứng khoán Warsaw dừng lại?,Thế Chiến II
Sàn giao dịch chứng khoán Warsaw mở lại khi nào?,tháng 4 năm 1991
Có bao nhiêu công ty đã được niêm yết trên WSE vào tháng 8 năm 2009?,374
"Cho đến năm 2000, WSE nằm trong tòa nhà mà trước đây là trụ sở của cái gì?",Đảng Công nhân Thống nhất Ba Lan
Ai khi đến nơi đã cho những người định cư viking ban đầu một bản sắc chung?,Rollo
Tên của nhà lãnh đạo được Henry III thăng chức quý tộc là gì,Drogo
Bá tước của Melfi là ai,William Iron Arm
"Ai là kẻ thù chính của người Norman ở Ý, Đế quốc Byzantine và Armenia?",người Thổ Seljuk
Tên của lâu đài Norman là gì?,Afranji
Ai là người lãnh đạo khi Frank tiến vào thung lũng Euphrates?,Oursel
Người Norman hợp tác với ai ở Anatolia?,lực lượng Thổ Nhĩ Kỳ
Quần đảo Canaria ngoài khơi lục địa nào?,châu Phi
Tesla chết năm nào?,năm 1943
"Cái gì được đặt tên là ""Tesla"" để vinh danh ông?",đơn vị SI của mật độ từ thông
Tesla đã sống ở đâu trong phần lớn cuộc đời mình?,các khách sạn ở New York
Danh tiếng của Tesla trong văn hóa đại chúng là gì?,nhà khoa học điên
Tesla kiếm tiền cho công việc của mình như thế nào?,Các bằng sáng chế
Hội nghị Toàn thể về Cân Đo đã đặt tên gì theo Tesla vào năm 1960?,đơn vị SI của mật độ từ thông
Khi nào mọi người bắt đầu quan tâm đến Tesla một lần nữa?,những năm 1990
"Ngoài những thành tựu khoa học của mình, Tesla còn nổi tiếng vì điều gì?",kỹ năng thu hút công chúng
Tesla đã hợp tác với ai vào năm 1886?,Robert Lane và Benjamin Vail
Lane và Vail đã tài trợ cái gì?,Tesla Electric Light & Manufacturing
Tesla Electric Light & Manufacturing đã làm gì?,đã lắp đặt hệ thống chiếu sáng dựa trên hồ quang điện do Tesla thiết kế
Tesla đã nhận được gì đầu tiên sau khi bắt đầu công ty của mình?,bằng sáng chế
Những gì đã được sản xuất tại công ty của tesla?,hệ thống chiếu sáng dựa trên hồ quang điện
Tên của các đối tác mới của Tesla là gì?,Robert Lane và Benjamin Vail
"Khi nào sự hợp tác giữa Tesla, Lane và Vail hình thành?",năm 1886
Tên của công ty mà các doanh nhân đã tài trợ là gì?,Tesla Electric Light & Manufacturing
Ai đã thiết kế các hệ thống chiếu sáng mà Tesla Electric Light & Manufacturing lắp đặt?,Tesla
Khi nào Tesla đạt được bằng sáng chế máy phát điện của mình?,Năm 1900
Ai là người đầu tiên gửi sóng radio qua Đại Tây Dương?,Guglielmo Marconi
Sự chứng minh trên đài phát thanh của Marconi là khi nào?,năm 1901
Khi nào bằng sáng chế của Tesla được khôi phục?,Năm 1943
Thực thể nào đã đưa ra quyết định khôi phục bằng sáng chế của Tesla?,Tòa án Tối cao Hoa Kỳ
Có bao nhiêu đề nghị có thể có cho giải thưởng vào năm 1915?,38
Ai đã nhận được một đề nghị vào năm 1915?,Edison
Tesla đã nhận được đề nghị cho Giải thưởng Nobel vào năm nào?,năm 1937
Bài báo nào được xuất bản năm 1937?,"""Một cỗ máy để Kết thúc Chiến tranh"","
"Bởi vì những tuyên bố nhất định, quan điểm tôn giáo của ông là gì?",không chắc chắn
"Trong tiêu đề của bài viết, cỗ máy hy vọng kết thúc điều gì?",Chiến tranh
Nhánh nào của khoa học máy tính lý thuyết liên quan đến việc phân loại rộng rãi các vấn đề tính toán theo độ khó và lớp quan hệ?,Lý thuyết độ phức tạp tính toán
Các vấn đề tính toán được phân loại bằng cách sử dụng lý thuyết phức tạp tính toán theo thuộc tính chính nào?,độ khó nội tại
Thuật ngữ cho một nhiệm vụ thường được giải quyết bằng máy tính là gì?,các vấn đề tính toán
"Trong một vấn đề tính toán, cái gì có thể được mô tả như xâu ký tự trong một bảng chữ cái?",trường hợp
Tên của bảng chữ cái được sử dụng phổ biến nhất trong một trường hợp là gì?,nhị phân
Một thuật ngữ khác cho chuỗi của một trường hợp là gì?,dãy bit
"Khi mã hóa các đối tượng toán học, cách thức mà các số nguyên thường được biểu diễn là gì?",dạng nhị phân
Một cách mà đồ thị có thể được mã hóa là gì?,ma trận kề
Các bài toán hàm thường được viết lại như thế nào?,dưới dạng bài toán quyết định
"Nếu hai số nguyên được nhân và xuất ra một giá trị, tập hợp biểu thức này được gọi là gì?",tập hợp các bộ ba
Thời gian cần thiết để đưa ra câu trả lời trên máy Turing tất định được thể hiện dưới dạng gì?,chuyển trạng thái
Lý thuyết độ phức tạp phân loại các vấn đề dựa trên thuộc tính chính nào?,độ khó
Biểu thức được sử dụng để xác định bất kỳ chuỗi vấn đề đã cho nào có khả năng được giải quyết trong thời gian trên máy Turing tất định là gì?,DTIME(f(n))
Tài nguyên quan trọng nhất được đo lường để đánh giá việc xác định khả năng của máy Turing để giải quyết bất kỳ vấn đề nào đã cho là gì?,thời gian
Giả định chưa được chứng minh thường được gán cho giá trị của các lớp độ phức tạp là gì?,được nghi ngờ là khác nhau
Một biểu thức có thể được sử dụng để minh họa sự khác nhau được nghi ngờ của các lớp độ phức tạp là gì?,P ⊆ NP ⊆ PP ⊆ PSPACE
"Các lớp độ phức tạp RP, BPP, PP, BQP, MA và PH có thể nằm ở đâu?",giữa P và PSPACE
Bằng chứng nào giữa hai và các lớp độ phức tạp sẽ biểu thị một bước ngoặt lý thuyết cho lý thuyết độ phức tạp?,Chứng minh bất kì hai lớp nào trong số các lớp này là khác nhau
Hình thức trừng phạt thân thể phổ biến như thế nào trong quá khứ?,một trong những hình thức kỷ luật phổ biến nhất
Trừng phạt thân thể không còn được thực hiện ở đâu?,Hầu hết các nước phương Tây
Quốc gia phương Tây nào vẫn được cho phép trừng phạt thân thể?,Hoa Kỳ
Cơ quan nào của Hoa Kỳ nói rằng trừng phạt thân thể là Hợp hiến?,Tòa án Tối cao Hoa Kỳ
Trừng phạt thân thể gây ra điều gì cho một học sinh?,nỗi đau thể xác
Giáo viên ở Wales có thể đăng ký vào tổ chức nào?,công đoàn
Điều gì đang xảy ra với độ tuổi trung bình của giáo viên ở Wales?,giảm
Khi nào các cuộc tấn công vào giáo viên cao nhất?,trong khoảng thời gian từ 2005 đến 2010
NASUWT là gì?,công đoàn
Các cuộc tấn công vào giáo viên gây điều gì gì?,mối quan tâm
"Ở Hoa Kỳ, ai quyết định các yêu cầu dành cho giáo viên?",mỗi tiểu bang
Một chứng chỉ giảng dạy kéo dài nhất là bao lâu?,mười năm
Một giáo viên trường công tối thiểu phải có gì?,bằng cử nhân
Ai có thể không yêu cầu giáo viên của mình được chứng nhận?,trường công đặc cách
Trường công đặc cách có thể yêu cầu giáo viên của họ đáp ứng các tiêu chuẩn nào để có trình độ cao?,Không có Trẻ em nào bị Tụt hậu (No Child Left Behind)
Tên của thầy tâm linh trong Ấn Độ giáo là gì?,guru
Việc tập trung vào sự hướng dẫn tâm linh trong Ấn Độ giáo là cao hay thấp?,cực kỳ cao
Các guru kiểm soát ai?,môn đồ của họ
Sự hướng dẫn tâm linh trở nên cực kỳ cao là điều bình thường ở khu vực nào?,phương Tây
Tên của một thầy trong Phật giáo Tây Tạng là gì?,Lạt-ma
Một Lạt-ma quyết tâm làm gì?,được tái sinh
Tên của một Bồ Tát học xứ là gì?,Hóa thân
Một Lạt-ma đồng ý tái sinh bao nhiêu lần?,nhiều lần
Điều gì đã giúp Lạt-ma quyết tâm được tái sinh?,phowa và siddhi
"Các tác phẩm của Luther lan sang Pháp, Anh và Ý khi nào?",1519
Ai đã đến Wittenberg để nghe Luther diễn thuyết?,Các sinh viên
Giai đoạn nào trong sự nghiệp của Luther là một trong những giai đoạn hiệu quả nhất của ông?,đầu
Một số tác phẩm nổi tiếng nhất của Luther được xuất bản khi nào?,1520
"Bên cạnh việc xuất bản ""To the Christian Nobility of the German Nation"" và ""On the Babylonian Captivity of the Church"", Luther còn tạo ra những công trình nào khác vào năm 1520?",On the Freedom of a Christian
Khi nào Luther mở rộng sự công kích của mình đến các giáo lý cốt lõi của Giáo hội?,mùa hè năm 1521
Luther đã mô tả thánh lễ misa được coi là lễ tế như thế nào?,đã lên án ý tưởng thánh lễ mi-sa là lễ tế chính là sùng bái thần tượng
Luther đã gọi thánh lễ misa là gì thay vì gọi là lễ tế?,món quà
"Sau khi bác bỏ việc xưng tội bắt buộc, Luther đã kêu gọi điều gì?",xưng tội riêng tư và tha tội
Luther đã nói gì với các tu sĩ nam nữ về lời thề của họ?,phá vỡ lời thề
"Vào thời của Martin Luther, nhu cầu là gì?",các ấn phẩm tiếng Đức
Công trình nào của Luther trở nên phổ biến?,Kinh Thánh
Sự phổ biến của bản dịch của Luther đóng góp vào điều gì?,sự phát triển của ngôn ngữ và văn học Đức
Nghệ sĩ nào đã cung cấp bản khắc gỗ cho bản Kinh Thánh của Luther?,Lucas Cranach
Bản Kinh Thánh của Luther đã ảnh hưởng đến bản dịch Kinh Thánh tiếng Anh của ai?,William Tyndale
Điều gì đã khiến Luther viết các bài thánh ca?,những sự kiện đặc biệt trong cuộc đời của ông
Tại sao Johann Esch và Heinrich Voes bị Giáo hội Công giáo xử tử?,vì theo quan điểm của Luther
Luther đã viết bài thánh ca nào sau khi Esch và Voes bị hành hình?,Ein neues Lied wir heben an
Dịch giả tiếng Anh của bài thánh ca này là ai?,John C. Messenger
Bài thánh ca được gọi là gì trong tiếng Anh?,Flung to the Heedless Winds
Điều gì sau đó được phát hiện do Luther viết?,tuyên bố cuối cùng của ông
Hầu hết các tuyên bố được viết bằng tiếng gì?,Latin
Phần nào trong tuyên bố cuối cùng của Luther là tiếng Đức?,"""Chúng ta là những người ăn xin"""
Siêu đô thị Nam California đứng thứ mấy về dân số so với toàn quốc?,thứ ba
"Mặc dù Nam California là một môi trường đô thị phát triển mạnh mẽ, bao nhiêu phần còn lại vẫn chưa phát triển?",khu vực rộng lớn
"Các cộng đồng ở Nam California nổi tiếng là rộng lớn, trải dài, và đặc điểm nào khác?",ở ngoại ô
"Ngoài việc sử dụng ô tô, Nam California còn nổi tiếng về việc sử dụng cái gì nữa?",đường cao tốc
Loại khu vực gì có thể được tìm thấy trong đô thị của Nam California?,vùng đô thị quốc tế
Tên gắn với tám vùng tạo nên một phần của Nam California là gì?,Vùng Thống kê Đô thị
Có bao nhiêu vùng đô thị mở rộng?,hai
Mỗi vùng đô thị mở rộng có dân số vượt quá bao nhiêu?,năm triệu
Vùng đô thị El Centro và vùng đô thị San Diego-Carslbad-San Marcos tạo thành gì?,Khu vực Biên giới Nam California
Dân số của Vùng đại Los Angeles là bao nhiêu?,17.786.419
Sân bay bận rộn thứ hai ở Hoa Kỳ là sân bay nào?,Sân bay quốc tế Los Angeles
Số liệu được sử dụng để xác định các sân bay bận rộn là gì?,lượng hành khách
Sân bay Quốc tế Los Angeles đứng thứ mấy về sân bay bận rộn nhất tính theo lượng hành khách quốc tế?,thứ ba
Sân bay nào là nơi có đường băng đơn bận rộn nhất thế giới?,Sân bay quốc tế San Diego
Sân bay hàng không chung bận rộn nhất thế giới là sân bay nào?,Sân bay Van Nuys
Los Angeles Rams là một ví dụ về loại đội thể thao nào?,NFL
Los Angeles Clipper là một đội thuộc môn thể thao nào?,NBA
Los Angeles Angels of Anaheim đến từ môn thể thao nào?,MLB
Các đội NHL khác ngoài Anaheim Ducks cư trú ở Nam California là đội nào?,Los Angeles Kings
Đội MLS duy nhất thuộc về Nam California là đội nào?,LA Galaxy
Đội nào bị đình chỉ ở MLS?,Chivas
Los Angeles đã từng có bao nhiêu đội?,hai
Năm nào dẫn đến việc đình chỉ một trong hai đội bóng đá?,2014
Tên của sân vận động mà các đội đã chơi là gì?,StubHub Center
Khi nào đội bị đình chỉ dự kiến ​​trở lại?,2018
Các chương trình phát sóng độ nét tiêu chuẩn của BSkyB theo chuẩn nào?,MPEG-2 theo chuẩn DVB
Sky Film và Sky Box office cũng bao gồm những bản nhạc phim tùy chọn nào?,Dolby Digital
Nội dung của Sky+ HD phát sóng bằng gì?,MPEG-4
Hệ thống độc quyền mà Sky+ HD sử dụng là gì?,OpenTV
Hầu hết các nội dung HD sử dụng tiêu chuẩn gì?,DVB-S2
Sky Digital được ra mắt khi nào?,1998
Vệ tinh nào đã được sử dụng khi Sky Digital ra mắt?,Astra 2A
Vệ tinh nào cho phép Sky Digital triển khai dịch vụ kỹ thuật số hoàn toàn mới?,Eurobird 1 của Eutelsat
Dịch vụ kỹ thuật số mới có thể mang theo bao nhiêu kênh truyền hình và radio?,hàng trăm
Vị trí của vệ tinh cho phép Sky phát sóng các kênh gần như độc quyền cho Vương quốc Anh là gì?,"28,5° Đông"
BSkyB thông báo ý định thay thế các kênh kỹ thuật số phát sóng miễn phí khi nào?,8 tháng 2 năm 2007
Khi nào Setanta Sports nói rằng họ sẽ ra mắt dưới dạng một dịch vụ đăng ký?,tháng 3
Sentanta Sports đã lên kế hoạch ra mắt trên nền tảng nào?,kỹ thuật số mặt đất
Các dịch vụ của NTL được đổi tên thành gì?,Virgin Media
Danh mục thể thao của BSkyB bao gồm gì?,Giải Bóng đá Premier League của Anh
Alec Shelbrooke đã đề xuất thanh toán các khoản trợ cấp bằng gì?,"""Thẻ Tiền mặt Phúc lợi"
Chương trình Hỗ trợ Dinh dưỡng Bổ sung có thể mua gì?,nhu yếu phẩm
Quốc hội Anh đã nghe điều gì về việc đăng ký BSkyB?,thường gây thiệt hại
Cơ quan phúc lợi của chính phủ Anh đang kiểm tra điều gì vào năm 2012?,hóa đơn Sky TV
Các cơ quan lợi phúc lợi nghĩ gì khi trên hóa đơn TV có kênh thể thao?,sự hiện diện của một người đàn ông
Phí phát sóng hàng năm cho các kênh là bao nhiêu?,30 triệu Bảng
Thỏa thuận mới có bao gồm Video theo yêu cầu và Độ phân giải Cao không?,không có dấu hiệu nào
Công ty nào đồng ý chấm dứt tố tụng tại tòa dân sự cấp cao với BSkyB?,Virgin Media
Công ty nào đồng ý chấm dứt tố tụng tại tòa dân sự cấp cao với Virgin Media?,BSkyB
Thủ tục tố tụng tại tòa dân sự cấp cao đang được tổ chức là gì?,các kênh cơ bản
Đảng chính trị nào mạnh nhất trong tầng lớp lao động ở vùng ngoại ô Melbourne?,Đảng Lao động Úc
Đảng nào mạnh nhất trong các khu vực giàu có của Melbourne?,Đảng Tự do
Đảng nào mạnh nhất ở khu vực tây bắc và đông của Victoria?,Đảng Quốc gia
Đảng nào chi phối khu vực nội thành Melbourne?,Đảng Xanh
Đảng nào được ưa chuộng ở Bedigo và Geelong?,Đảng Lao động
Victoria ban hành hiến pháp khi nào?,1975
Hiến pháp của Victoria dựa trên gì?,hiến pháp thuộc địa 1855
Nhóm nào có thể sửa đổi hiến pháp Victoria?,Quốc hội bang Victoria
Các ngoại lệ trong hiến pháp đòi hỏi phải xem xét đặc biệt khi sửa đổi là gì?,"""cố thủ"""
Tài liệu nào thành lập Quốc hội bang Victoria?,Đạo luật Hiến pháp Victoria 1855
Victoria sẽ sớm mất loại nhà máy sản xuất nào?,các thương hiệu xe hơi lớn
Toyota cho biết họ sẽ đóng cửa nhà máy ở Victoria khi nào?,năm 2017
Holden thông báo rằng họ sẽ đóng cửa nhà máy ở Victoria khi nào?,tháng 5 năm 2013
Các nhà máy sản xuất của Ford sẽ đóng cửa khi nào?,tháng 10 năm 2016
Thương hiệu xe nào được sản xuất tại Broadmeadows?,Ford
Khổ đường sắt của Victoria là bao nhiêu?,1.600 mm (5 ft 3 in)
Một số tuyến đường sắt ở phía tây Victoria đã đổi thành khổ bao nhiêu?,"khổ tiêu chuẩn 1,435 mm (4 ft 8 1⁄2 in)"
Hai tuyến đường sắt du lịch sử dụng khổ đường sắt bao nhiêu?,các tuyến khổ hẹp 760 mm (2 ft 6 in)
Các tuyến đường sắt khổ hẹp được xây dựng ở khu vực nào của Victoria ?,khu vực miền núi
Có bao nhiêu tuyến đường sắt khổ hẹp trước đây thuộc sở hữu của chính phủ?,năm
Thuộc địa New South Wales được thành lập khi nào?,1788
Tên của nửa phía đông thuộc địa năm 1788 là gì?,New South Wales
Một nửa phía tây của thuộc địa được đặt tên là gì?,New Holland
Vị trí của chính quyền thuộc địa quản lý thuộc địa mới nằm ở đâu?,Sydney
Tuyên bố nào bãi bỏ Đạo Tin lành tại Pháp?,Sắc lệnh Fontainebleau
Sắc lệnh này được tuyên bố khi nào?,1685
Loại người Pháp nào ra tuyên bố này?,Louis XIV
Có bao nhiêu người Huguenot bỏ chạy khỏi nước Pháp đến những năm 1700?,500.000
Người di cư Huguenot đã được hứa hẹn cấp đất ở vùng thuộc địa nào của Anh?,Virginia
Người Huguenot đã được cấp đất ở khu vực nào của vùng thuộc địa này của Anh?,Quận Norfolk Hạ
Người Huguenot thực tế đã được trao thị trấn nào khi đến?,Thị trấn Manakin
Có bao nhiêu người di cư định cư ban đầu tại Thị trấn Manakin?,390
Những người di cư này được nhập tịch là người thuộc địa của Anh khi nào?,ngày 12 tháng 5 năm 1705
Ai là một người Công giáo La Mã ủng hộ cải cách của Pháp vào thế kỷ 15?,Jacques Lefevre
Lãnh đạo ủng hộ cải cách này dạy ở đâu?,Đại học Paris
Lãnh đạo này xuất bản Kinh thánh bằng tiếng Pháp khi nào?,1530
Lãnh đạo nào của cuộc cải cách Thụy Sĩ là sinh viên của Lefevre?,William Farel
Lãnh đạo Tin lành Châu Âu nào khác được giáo dục tại Đại học Paris?,Jean Cauvin
Người Huguenot phát triển các tín ngưỡng tôn giáo như thế nào ở Tân Thế giới?,liên kết với những giáo phái Tin lành khác
Người di cư Huguenot bị đồng hóa ra sao ở xã hội Bắc Mỹ nói chung?,kết hôn bên ngoài cộng đồng người Pháp trực tiếp của họ
Ai là nhà sản xuất vũ khí đáng chú ý là hậu duệ của người Huguenot?,E.I. du Pont
Người Huguenot tiếp tục sử dụng tên tiếng Pháp trong bao lâu?,mãi cho đến thế kỷ mười chín
Tên của doanh nghiệp sản xuất thuốc súng của du Pont là gì?,nhà máy thuốc súng Eleutherian
Người lãnh đạo Đức nào đã mời gọi người Huguenot đến?,Frederick William
Nhà thơ người Đức nào là hậu duệ của người Huguenot?,Theodor Fontane
Đại tướng và phi công chiến đấu người Đức nào có tổ tiên là người Huguenot?,Adolf Galland
Ai là Thủ tướng cuối cùng của Đông Đức?,Lothar de Maizière
Thomas de Maiziere đảm nhận vai trò gì trong nội các Đức?,Bộ trưởng Bộ Nội vụ Liên bang
Đâu là nguồn nhiệt thông thường để đun sôi nước trong động cơ hơi nước?,vật liệu đốt cháy được
"Ngoài lò, tên gọi khác cho không gian trong đó vật liệu có thể cháy được đốt trong động cơ là gì?",buồng đốt
"Cùng với hạt nhân, địa nhiệt, nhiệt thải từ động cơ đốt trong, loại năng lượng nào có thể cấp nhiệt cho động cơ hơi nước?",mặt trời
Loại thành phần làm nóng nào thường được sử dụng trong động cơ hơi nước đồ chơi?,bằng điện
Dụng cụ nào được dùng để kiểm tra hiệu suất động cơ hơi nước?,đồng hồ động cơ hơi nước
Việc sử dụng đồng hộ động cơ hơi nước được ghi nhận sớm nhất vào năm nào?,1851
Công ty nào phát triển đồng hồ động cơ hơi nước thành công nhất?,Charles Porter
Ai phát triển đồng hồ động cơ hơi nước thành công cho Charles Porter?,Charles Richard
Đồng hồ động cơ hơi nước Charles Porter được trưng bày ở đâu?,Triển lãm London
Điều gì giới hạn hiệu suất của chu kỳ Rankine?,lưu chất hoạt động
Nhiệt độ đầu vào tua-bin của tua-bin hơi nước tính bằng độ C là bao nhiêu?,565 Â°C
565 Â°C là giới hạn rão của cái gì?,thép không gỉ
Hiệu suất Carnot lý thuyết của tua-bin là bao nhiêu?,63%
Nhiệt độ xấp xỉ của bình ngưng trong tua-bin là bao nhiêu?,30 Â°C
Công ty hiện đại nào đã và đang nghiên cứu kỹ lưỡng động cơ hơi nước sử dụng vật liệu hiện đại?,Energiprojekt AB
Energiprojekt AB nằm ở đâu?,Thụy Điển
Động cơ Energiprojekt AB có bao nhiêu xy-lanh?,5
Động cơ Energiprojekt AB sử dụng bao nhiêu pound hơi nước mỗi kilowatt giờ?,"8,8"
Động cơ Energiprojekt AB đạt được bao nhiêu phần trăm hiệu suất của động cơ áp suất cao?,27-30%
Thuật ngữ khác cho rô-to là gì?,đĩa xoay
"Trong tua-bin hơi nước, rô-to được gắn lên cái gì?",trục truyền động
Một cách khác để đề cập đến xtato là gì?,đĩa tĩnh
Xtato được gắn vào cái gì?,vỏ tua-bin
Tốc độ tua-bin thông thường với công suất 60 Hertz tại Mỹ là bao nhiêu?,3600 vòng/phút
Carl Wilhelm Scheele phát hiện ra oxi khi nào?,1773
Joseph Priestley ghi nhận oxi vào năm nào?,1774
Điều gì khiến Priestley được công nhận là người đầu tiên phát hiện ra oxi?,công trình của ông được xuất bản trước
Nhà nghiên cứu nào sử dụng từ oxi lần đầu tiên?,Antoine Lavoisier
Thí nghiệm của Lavoisier gây nghi ngờ công trình nào trước đó?,thuyết nhiệt tố về đốt lửa và ăn mòn nổi tiếng sau đó
Nhà hóa học nào đã tạo ra đủ oxi lỏng để sử dụng cho nghiên cứu?,James Dewar
Dewar thí nghiệm oxi lỏng vào năm nào?,1891
Oxi lỏng được phát triển cho sử dụng thương mại vào khi nào?,1895
Quy trình hàn nào được trình diễn năm 1901?,quy trình hàn oxyacetylene
Nhóm nhà khoa học nào tìm cách đo lượng oxi trong các động vật biển?,Các nhà cổ sinh vật học
Các nhà cổ sinh vật học muốn biết thông tin về đặc điểm thời tiết nào?,khí hậu
Oxi 18 nặng hơn oxi 16 như thế nào?,12%
Dạng oxi nào các động vật biển hấp thụ số lượng lớn hơn trong điều kiện thời tiết lạnh hơn?,oxi-18
Oxi 18 trong nước biển ở mức cao hơn trong loại thời tiết nào?,nhiệt độ toàn cầu thấp hơn
Ở bước sóng nào các dải quang phổ đạt đỉnh?,687 và 760 nm
Để giám sát sự kiện nào thì việc đo lường bức xạ từ thực vật sẽ cung cấp thông tin?,chu trình các bon
Từ đâu các nhà khoa học muốn đo lường bức xạ thực vật?,một nền tảng vệ tinh
Ở quy mô nào các nhà khoa học sẽ thể hiện các đo lường về thực vật?,toàn cầu
Kiểu cảm biến nào các nhà khoa học muốn sử dụng để đo bức xạ toàn cầu?,từ xa
Thiết bị nào được sử dụng để điều trị nhiều bệnh trạng khác nhau như ngộ độc khí các bon monoxit?,buồng oxi
Nồng độ oxi tăng trong phổi bệnh nhân sẽ thay thế cái gì?,các bon monoxit
Oxi có tính độc với mầm bệnh nào gây bệnh thối thoại khí?,vi khuẩn kỵ khí
Điều gì xảy ra sau khi lặn xuống nếu thợ lặn giảm áp suất quá nhanh?,Bệnh giảm áp
Syria và Ai Cập tần công bất ngờ Israel khi nào?,ngày 6 tháng 10 năm 1973
Quốc gia nào sản xuất dầu lớn thứ hai thế giới?,Iran
Các quốc gia khác phải trả bao thêm bao nhiêu lần cho giá dầu sau cuộc tấn công bất ngờ?,mười
Quốc gia sản xuất dầu nào là đồng minh thân thiết của Mỹ?,Iran
Tại sao Nhà vua Iran trả lời phỏng vấn?,Sự nối lại thù địch trong xung đột giữa thế giới Ả Rập và Israel
Điều gì có tác động tiêu cực tới nền kinh tế Mỹ?,Lệnh cấm vận
"Ở một cấp độ quốc tế, vị thế cạnh tranh của ngày nào bị ảnh hưởng?",ngành ô tô
Vấn đề nào bao gổm cả tác động lạm phát và giảm phát?,kinh tế vĩ mô
Cuộc khủng hoảng dầu khiến các công ty dầu tăng nguồn cung dầu ở khu vực nào?,Bắc cực
Các khu vực mới cần bao lâu để đạt sản lượng đáng kể?,năm tới mười năm
Ai là người quản lý đầu tiên của Cơ quan Năng lượng Liên bang?,William E. Simon
Ông ấy được Nixon chọn vào năm nào?,Năm 1973
Tại sao tổ chức ngắn hạn này được thành lập?,để điều phối phản ứng với lệnh cấm vận
"Theo AAA, bao nhiêu phần trăm các trạm xăng đã hết xăng?",20%
Chất xúc tác tạo ra sự quan tâm lớn hơn đối với tài nguyên tái tạo là gì?,khủng hoảng năng lượng
"Có ý kiến chỉ trích rằng các chính sách năng lượng là các giải pháp khắc phục nhanh chóng, đắt tiền đã bỏ qua những yếu tố nào?",thực tế thị trường và công nghệ
Ai ủng hộ các chính sách có những giải pháp có vẻ tốt nhưng kém triển vọng?,các đại biểu và chủ tịch
"Honda, Toyota và Nissan mở nhà máy lắp ráp tại Mỹ vào thời gian nào?",năm 1981
Kể tên một chiếc xe lớn hơn mà Toyota cho ra đời khi người mua than phiền về những chiếc xe cỡ nhỏ?,Toyota Corona Mark II
Kể tên một sự bổ sung được đưa vào việc sản xuất những chiếc xe cỡ nhỏ.,điều hòa không khí
Kể tên một nhánh cao cấp của Toyota.,Lexus
Ai đã lãnh đạo ủy ban do Seaman thành lập?,Nicholas E. Golovin
Ủy ban này của Seaman được thành lập khi nào?,"tháng 7, 1961"
Nhóm nào của NASA xuất hiện đầu tiên để hỗ trợ LOR?,Trung tâm Tàu không gian có người lái
Ai được thuê làm phó giám đốc của Văn phòng Tàu không gian có người lái?,Joseph Shea
Địa điểm NASA nào xuất hiện cuối cùng theo ý tưởng của LOR?,Trung tâm Tàu không gian Marshall
Có bao nhiêu người trên chuyến bay thử nghiệm AS-206?,không người lái
Các phi hành gia đã mặc gì trong nhiệm vụ kép AS-278?,bộ đồ phi hành gia Apollo mới
Loại mũ nào có trong bộ đồ phi hành gia trước khi có mũ bảo hiểm loại “bình cá” trong suốt?,Mũ bảo hiểm có lưỡi trai
"Loại quần áo lót nào, nếu có, được đưa vào trang phục phi hành gia Apollo?",quần áo lót làm mát bằng nước.
Từ viết tắt LMP có ý nghĩa gì đối với các vị trí phóng Block II?,Phi công Khoang mặt trăng
Phi hành đoàn của Apollo 1 tiến hành thử nghiệm ở đâu tại Trung tâm Vũ trụ Kennedy?,buồng độ cao
"Ai là phi hành đoàn chính của Apollo 1, tên mà họ tự đặt?","Grissom, White và Chaffee"
Một thử nghiệm ngắt nguồn gì được thực hiện để mô phỏng trên LC-34?,hoạt động đếm ngược để phóng
Apollo 1 thử nghiệm địa điểm nào khác tại Trung tâm Vũ trụ Kennedy?,Bắc Mỹ
Vấn đề đầu tiên các phi hành gia gặp phải trong quá trình thử nghiệm ngắt nguồn là gì?,mùi lạ trong bộ đồ phi hành gia
Cuộc thử nghiệm ngắt nguồn đầu tiên tiến hành khi nào?,27 tháng 1 năm 1967
Điều gì đã xảy ra khi tạm ngưng vì bộ đồ phi hành gia có mùi trong cuộc thử nghiệm ngắt nguồn?,vụ cháy chập điện
Điều gì đã xảy ra với phi hành đoàn trên tàu trong cuộc thử nghiệm ngắt nguồn?,ngạt
Loại khí nào đã làm lửa bùng phát trong cabin?,100% là oxi
Ai đã tổng hợp dữ liệu gốc về việc hạ cánh của tàu Apollo 11 còn sống sót?,Nafzger
Các băng hình có thể được phục hồi và xử lý mà không bị phá hủy tính chính thống lịch sử hay một số yếu tốc của băng hình bị mất đi tính chính thống?,mà không phá hủy tính chính thống lịch sử
Những loại bản ghi nào tại Trung tâm Vũ trụ Johnson đã được sử dụng để giúp khôi phục các băng gốc?,các bản ghi kính viễn vọng
Công ty nào được giao nhiệm vụ cố gắng khôi phục các băng gốc?,Lowry Digital
Các băng hình được khôi phục có thể được thêm màu vào để tăng cường hình ảnh hay vẫn giữ nguyên màu đen và trắng?,màu đen trắng
Hiệp ước chính hình thành Liên minh châu Âu bắt đầu như thế nào?,bằng quy định chung về than và thép
Hai hiệp ước nào góp phần hình thành nên các thể chế Liên minh châu Âu chính quy hơn?,Hiệp ước Rome năm 1957 và Hiệp ước Maastricht năm 1992 (bây giờ là TFEU - Hiệp ước hoạt động của Liên minh Châu Âu)
Tây Ban Nha và Bồ Đào Nha gia nhập Liên minh châu Âu vào năm nào?,năm 1985
Na Uy cuối cùng cũng gia nhập Liên minh châu Âu vào năm 1972 phải không?,không
Quốc gia nào năm 1985 đã ký hiệp ước để được hưởng quy chế đặc biệt?,Greenland
Điều gì cuối cùng đã thúc đẩy các Hiệp ước chính hình thành Liên minh châu Âu?,"quy định chung về than và thép, và sau đó là năng lượng nguyên tử"
Hiệp ước Maastrich được ký kết khi nào?,năm 1992
Đạo luật châu Âu thống nhất được ban hành vào lúc nào?,năm 1986
Đan Mạch gia nhập Liên minh châu Âu khi nào?,năm 1972
Greenland ký Hiệp ước để được hưởng quy chế đặc biệt khi nào?,năm 1985
Hai cơ quan quản lý nào có quyền phủ quyết lập pháp?,Nghị viện Châu Âu và Hội đồng Liên minh Châu Âu
Nghị viện không thể làm gì góp phần tạo sự thiếu bình đẳng và dân chủ?,không thể đưa ra luật chống lại mong muốn của Ủy ban
Bầu cử Nghị viện diễn ra bao lâu một lần?,sau mỗi 5 năm
Đa số phiếu bầu phải chiếm bao nhiêu để có đủ hiệu lực khiển trách Ủy ban?,hai phần ba theo đa số
Quốc hội phải thông qua hai cơ quan nào trước tiên để thông qua luật?,Ủy ban và Hội đồng
Tổ chức nào có độc quyền trong việc dự thảo pháp luật?,Ủy ban
Tổ chức nào có quyền sửa đổi và phủ quyết trong quá trình lập pháp?,Nghị viện Châu Âu và Hội đồng Liên minh Châu Âu
Cuộc bầu cử trực tiếp đầu tiên diễn ra khi nào?,năm 1979
Đảng nào hiện đang là đảng lớn nhất trong số các đảng phái chính trị?,Đảng Nhân dân châu Âu
"Nếu có mâu thuẫn giữa luật pháp Liên minh châu Âu và luật quốc gia, luật nào sẽ được ưu tiên?",luật pháp của Liên minh châu Âu
Tòa án Hiến pháp Ý viện dẫn lý do nào dẫn đến việc ông Costa thua kiện ENEL?,vì luật quốc hữu hóa ban hành từ năm 1962 và hiệp ước có hiệu lực từ năm 1958 nên Costa không có quyền khiếu nại
Hai quy định có mâu thuẫn với luật pháp Ý bắt nguồn từ vụ kiện Simmenthal SpA được ban hành vào các năm nào?,năm 1964 và 1968
Tổ chức nào đã phải đưa ra các nguyên tắc dành riêng cho việc giải quyết xung đột về luật pháp của các hệ thống khác nhau?,Tòa án Công lý Châu Âu và các tòa án quốc gia tối cao
Costa v ENEL diễn ra khi nào?,năm 1964
Tòa án nào cho rằng Hiệp ước Rome không ngăn chặn được chủ nghĩa dân tộc về năng lượng?,Tòa án Công lý
Có bao nhiêu hiệp ước ban đầu để thiết lập nên các quyền cơ bản được Liên minh châu Âu bảo vệ?,Không có
Tổ chức nào quan tâm đến việc ngăn chặn vi phạm nhân quyền ngay từ ban đầu?,các quốc gia thành viên
Công ước châu Âu về quyền con người được thành lập khi nào?,năm 1950
Tổ chức nào được thành lập đồng thời với Công ước châu Âu về Nhân quyền?,Tòa án Nhân quyền Châu Âu.
Hội đồng Châu Âu giao nhiệm vụ cho một tổ chức soạn thảo Hiến chương Liên minh châu Âu về những quyền cơ bản vào khi nào?,năm 1999
Điều gì đã khiến Anh đăng ký thỏa thuận về Chính sách xã hội?,cuộc bầu cử Đảng Lao động Anh tham gia chính phủ
Anh chính thức đăng ký Thỏa thuận về Chính sách xã hội khi nào?,năm 1997
Chỉ thị nào ban hành vào năm 1994 được đề cập đến?,Chỉ thị Hội đồng Lao động
Chỉ thị nghỉ phép của cha mẹ được ban hành khi nào?,năm 1996
Chỉ thị của Hội đồng Lao động yêu cầu điều gì?,tham vấn lực lượng lao động trong các doanh nghiệp
Tên nào cũng được sử dụng để mô tả rừng nhiệt đới Amazon bằng tiếng Anh?,"còn được mọi người biết đến với tên gọi Amazonia hay Rừng rậm Amazon,"
Rừng nhiệt đới bao phủ bao nhiêu km vuông trong lưu vực này?,5.500.000
Có tổng số bao nhiêu quốc gia kiểm soát khu vực này?,chín
"Có bao nhiêu quốc gia có tên chứa chữ ""Amazonas""?",bốn
Amazon đại diện bao nhiêu phần trăm trong số các khu rừng nhiệt đới trên hành tinh?,Amazon đại diện cho hơn một nửa rừng nhiệt đới còn lại của hành tinh
Tên gọi bằng tiếng Hà Lan của rừng nhiệt đới Amazon là gì?,Amazoneregenwoud
Rừng nhiệt đới nào chiếm phần lớn lưu vực sông Amazon ở Nam Mỹ?,Rừng nhiệt đới Amazon
Người ta có thể thấy hầu hết rừng nhiệt đới Amazon ở quốc gia nào?,Brazil
Rừng nhiệt đới Amazon chiếm bao nhiêu so với số lượng các khu rừng nhiệt đới trên Trái đất?,hơn một nửa
Chúng ta có thể tìm thấy bao nhiêu loài cây trong rừng nhiệt đới Amazon?,16.000
Rừng nhiệt đới Amazon thuộc loại rừng nào?,khu rừng có tán lá rộng và ẩm ướt
Lưu vực sông Amazon có diện tích bao nhiêu km2?,7.000.000 km vuông (2.70
Có bao nhiêu quốc gia trong lưu vực sông Amazon?,chín
Quốc gia nào bao phủ phần lớn rừng amazon?,Brazil
Ước tính số lượng các loài cây trong rừng mưa nhiệt đới amazon là bao nhiêu?,16.000
Có bao nhiêu km vuông rừng Amazon đã bị mất vào năm 1991?,415.000
"Vào năm 2000, rừng Amazon đã mất bao nhi  êu km vuông?",587.000
Phần lớn diện tích đất đai bị giải tỏa trong khu vực Amazon được sử dụng để làm gì?,đồng cỏ cho gia súc
Ngành sản xuất đậu nành của Brazil được xếp hạng mấy trên thế giới?,nhà sản xuất đậu nành lớn thứ hai thế giới
Bao nhiêu phần trăm đất đai bị giải tỏa trong Amazon để sử dụng trong chăn nuôi?,91%
Đường cao tốc thi công trong rừng nhiệt đới Amazon chủ yếu cho người nông dân nào?,đậu nành
Việc mở đường cao tốc trong rừng nhiệt đới Amazon dẫn đến điều gì?,di dân định cư và nạn phá rừng gia tăng
Tốc độ chặt phá rừng 2000-2005 là bao nhiêu dặm vuông mỗi năm?,8.646 dặm vuông
Điều gì đã xảy ra với tốc độ phá rừng ở khu vực Amazon của Brazil giữa năm 2004 và 2014?,giảm đáng kể
Tốc độ phá rừng năm 2000 đến năm 2005 cao hơn bao nhiêu so với năm 1995 đến năm 2000?,18%
Các nhà môi trường lo ngại gì về việc mất đi rừng Amazon?,đa dạng sinh học
Theo các nhà môi trường thì mất đa dạng sinh học có thể là hệ lụy từ cái gì?,phá hủy rừng
Các nhà môi trường quan ngại chất gì sẽ bị giải phóng từ khu vực Amazon?,lượng carbon có trong thảm thực vật
Lượng cacbon tích trữ trong rừng Amazon chiếm bao nhiêu so với thế giới?,10%
Có bao nhiêu tấn carbon được cho là tích trữ trong rừng Amazon?,"1,1 × 1011"
Amazon đã trải qua đợt hạn hán có thể cực đoan hơn năm 2005 vào năm nào?,năm 2010
Khu vực bị ảnh hưởng bởi hạn hán năm 2010 rộng bao nhiêu dặm vuông?,1.160.000
Có bao nhiêu khu vực bị ảnh hưởng khi mất đi thảm thực vật trong đợt hạn hán năm 2010?,ba tâm chấn
Phần phía nam rừng Amazon đã bị ảnh hưởng chủ yếu bởi hạn hán vào năm nào?,năm 2005
Có bao nhiêu tấn carbon được Amazon hấp thụ trong một năm điển hình?,"1,5 tỷ tấn"
Sứa lược có thể ăn bao nhiêu trong một ngày?,gấp mười lần trọng lượng của chính chúng
Có bao nhiêu loài sứa lược đã được xác nhận?,100-150
Có bao nhiêu loài sứa lược chưa được mô tả hoặc đặt tên đầy đủ?,25
Các xúc tu nhỏ trên sứa lược có tua được gọi là gì?,tua
Một con sứa lược ăn bao nhiêu trong một ngày?,gấp mười lần trọng lượng của chính chúng
Sứa lược ven biển không có cái gì mà sứa lược khác lại có?,xúc tu
Sứa lược ven biển sử dụng bộ phận nào thay thế cho răng?,lớn và cứng
Sứa lược ăn bao nhiêu trong một ngày?,gấp mười lần trọng lượng của chính chúng
Các xúc tu nhỏ trên Sứa lược có tua được gọi là gì?,tua
Sứa lược sử dụng bộ phận nào thay thế cho răng?,lớn và cứng
Sứa lược có tua dùng bộ phận gì để bắt mồi?,tế bào dính
Có bao nhiêu loài sứa lược?,100-150 loài
Sự kiện tuyệt chủng kỷ Phấn trắng – Paleogen xảy ra khi nào?,66 triệu năm trước
Bằng chứng chỉ ra rằng sứa lược có tua không phải là loài gì?,đơn ngành
Hóa thạch đại diện cho sứa lược có niên đại bao nhiêu năm?,515 triệu năm
Hóa thạch đại diện cho sứa lược được tìm thấy thiếu bộ phận gì mà sứa lược hiện tại lại có?,xúc tu
Hóa thạch được cho là sứa lược có niên đại bao nhiêu năm?,515 triệu năm
Sự kiện nào đã xảy ra cách đây 66 triệu năm?,tuyệt chủng kỷ Phấn trắng – Paleogen
Sứa lược có tua không phải là loài gì?,đơn ngành
Sứa lược hiện tại lại có bộ phận gì mà hóa thạch được tìm thấy lại không có?,xúc tu
Những sợi lông trên sứa lược được gọi là gì?,lông mao
Lông mao dùng để làm gì?,phương tiện di chuyển
Lược giống như dải lông mao được gọi là gì?,các phiến lược
Sứa lược có nghĩa là gì trong tiếng Hy Lạp?,chứa lược
Tại sao hóa thạch sứa lược lại cực kỳ hiếm?,cơ thể mềm mại và trơn láng
Ediacaran eoandromeda có thể được coi là đại diện cho sinh vật gì?,sứa lược.
Thời kỳ 505 triệu năm trước được gọi là là gì?,giữa kỷ Cambri
Có bao nhiêu loài được tìm thấy ở Burgess Shale?,Sau đó có thêm ba
Các hóa thạch được tìm thấy ở Burgess Shale thiếu điều gì?,xúc tu
Các nghiên cứu gần đây tin rằng sứa lược là loài chị em với sinh vật nào?,Động vật đối xứng hai bên
Một số nhà nghiên cứu tin rằng loài động vật phân tách sớm nhất là gì?,Porifera
Tên khác của Phía Tây Fresno là gì?,Tây Nam Fresno
Phía tây của khu phố Fresno nằm ở đường cao tốc số 99?,phía tây nam
Phía tây của Fresno là trung tâm của cộng đồng dân tộc nào?,người Mỹ gốc Phi
Hai nhóm người Mỹ gốc Á sống ở khu vực phía tây Fresno là nhóm nào?,người H'mong hoặc Lào
Khu phố nào nằm ở phía tây đường cao tốc số 41?,Phía Tây
Đại lộ Kearney được đặt theo tên của ai?,M. Theo Kearney
Đại lộ Kearney được lót bằng loại cây nào?,những cây cọ cao
Những người Mỹ gốc Phi giàu có từng sống cư trú giữa hai con đường nào dọc Đại lộ Kearney?,Phố Fresno và Đại lộ Thorne Ave
Tên nào được đặt cho một phần của Đại lộ Kearney trong nỗ lực thay đổi hình ảnh khu vực?,Brookhaven
Khu vực nào của Brookhaven vẫn còn nổi tiếng với tỷ lệ tội phạm cao?,Phân khu bị cô lập
Có bao nhiêu hộ gia đình có trẻ em dưới 18 tuổi sống trong đó?,68.511
Tỷ lệ phần trăm chủ nhà là nữ không chồng là bao nhiêu?,"19,3%"
Có bao nhiêu cặp vợ chồng hoặc cặp đôi đồng giới ở đó?,1.388
Quy mô gia đình trung bình là bao nhiêu?,"3,62"
Quy mô hộ gia đình trung bình là bao nhiêu?,"3,07"
Tuyến đường nào kết nối Fresno với Thung lũng Trung tâm California?,Xa lộ tiểu bang 99
Tên gọi khác của Xa lộ tiểu bang 168 là gì?,Đường cao tốc Sierra
Tên gọi khác của Đường cao tốc Yosemite là gì?,Xa lộ tiểu bang 41
Xa lộ tiểu bang 180 qua Mendota xuất phát từ hướng nào?,phía tây
Thành phố lớn nhất nào không được kết nối với đường cao tốc liên bang?,Fresno
Hệ thống đường cao tốc liên bang được xây dựng ra vào năm nào?,năm 1950
Xa lộ tiểu bang nào được thảo luận để nâng cấp lên thành tiêu chuẩn liên bang?,Xa lộ tiểu bang 99
Các yếu tố nào góp phần vào mong muốn nâng cấp Xa lộ tiểu bang 99 để đạt tiêu chuẩn liên bang?,"dân số và giao thông tăng nhanh tại các thành phố dọc theo Xa lộ tiểu bang 99, cũng như mong muốn được chính phủ Liên bang tài trợ"
Mỗi gói bao gồm cái gì ở chế độ phi kết nối,toàn bộ thông tin địa chỉ
Các gói được định tuyến như thế nào,riêng lẻ
Mỗi nhãn gói bao gồm cái gì,"địa chỉ nhận, địa chỉ nguồn, và số cổng"
Điều gì xảy ra với gói ở địa chỉ nhận,"tin nhắn/dữ liệu gốc được ghép lại theo đúng thứ tự, dựa trên số thứ tự gói"
ARPNET và SITA bắt đầu hoạt động khi nào,năm 1969
2 khác biệt giữa công nghệ X.25 và ARPNET CITA,Hai khác biệt cơ bản liên quan đến việc phân chia chức năng và tác vụ giữa các máy chủ ở rìa mạng và lõi mạng
Giao thức gam dữ liệu người dùng đảm bảo điều gì,"Trong hệ thống cuộc gọi ảo, mạng đảm bảo việc phân phối dữ liệu theo trình tự đến máy chủ"
X.25 sử dụng loại mạng nào,Giao thức gam dữ liệu người dùng
DECnet là gì,bộ giao thức mạng được tạo bởi Tập đoàn Digital Equipment
DECnet ban đầu đã làm gì,kết nối hai máy tính mini PDP-11
DEC ban đầu có 3 lớp nhưng phát triển thành bao nhiêu lớp,bay
DECnet giai đoạn 2 đã trở thành cái gì,"là các tiêu chuẩn mở với các thông số kỹ thuật được công bố và một vài công cụ đã được phát triển bên ngoài DEC, bao gồm một công cụ dành cho Linux"
Tại sao Merit Network lại được thành lập ở Michigan,để làm phương tiện giúp phát triển kinh tế và giáo dục của tiểu bang
Điều gì đã giúp hoàn thành bộ tam,thực hiện kết nối tương tác giữa máy chủ và máy chủ giữa các hệ thống máy tính lớn của IBM tại Đại học Michigan ở Ann Arbor và Đại học Wayne
Điều gì đã tạo tiền đề cho vai trò của Merits trong NSFNET,"máy chủ gắn Ethernet, và cuối cùng TCP/IP và các trường đại học công lập khác ở Michigan tham gia mạng"
Internet2 là gì,"một tập đoàn mạng máy tính phi lợi nhuận của Hoa Kỳ do các thành viên từ cộng đồng nghiên cứu và giáo dục, ngành công nghiệp và chính phủ"
Ai đã hợp tác với internet2,Qwest
Mạng internet2 đầu tiên được đặt tên là gì,Abilene
Abilene đã được cho nghỉ hưu và nền tảng mới được gọi là,Internet2
Cái chết đen ban đầu bị đổ lỗi cho điều gì?,thiên đàng
Báo cáo y tế được viết cho ai?,nhà vua Pháp
"Lý thuyết mới hơn, được chấp nhận rộng rãi hơn đằng sau sự lây lan của bệnh dịch hạch là gì?",Bệnh dịch hạch gây ra bởi không khí xấu
Lý thuyết không khí xấu chính thức được gọi là gì?,lý thuyết Miasma
Các nhánh là gì?,nhánh di truyền
Những chủng y. pestis nào đã được tìm thấy trong các ngôi mộ tập thể?,Y. p. orientalis và Y. p. medievalis
Các chủng y. pestis cho thấy điều gì về bệnh dịch hạch?,bệnh dịch hạch có thể đã xâm nhập vào châu Âu trong hai đợt
Làm thế nào và khi nào biến thể đầu tiên của y. pestis vào châu Âu?,thông qua cảng Marseille vào khoảng tháng 11 năm 1347
Y. pestis đến Anh khi nào?,năm 1349
Graham Twigg đề xuất điều gì về sự lây lan của bệnh?,một dạng bệnh than
Lý thuyết của Norman Cantor về bệnh dịch hạch là gì?,sự kết hợp của bệnh than và các đại dịch khác
Nhiều nhà khoa học tin rằng những bệnh nào đã góp phần gây ra đại dịch dịch hạch?,"sốt phát ban, đậu mùa và nhiễm trùng đường hô hấp"
Nhiễm trùng huyết là gì?,"một loại ""nhiễm độc máu"""
Cơ quan Y tế Công cộng Anh đã khai quật bao nhiêu tử thi?,25
Có bao nhiêu người chết vì bệnh dịch hạch ở Paris năm 1466?,40.000
Bệnh dịch hạch đen tàn phá châu Âu trong ba năm liên tiếp ở nước nào?,Nga
Đợt bùng phát nào liên quan đến quân đội trong cuộc chiến ba mươi năm?,Bệnh dịch hạch ở Ý
Lần bùng phát bệnh dịch hạch cuối cùng là khi nào?,năm 1654
Bệnh dịch hạch xảy ra ở Venice mấy lần?,22
Bệnh dịch hạch xuất hiện ở các nước Hồi giáo vào những năm nào?,từ 1500 đến 1850
Có bao nhiêu người đã chết ở Algiers trong thời gian 1620-21?,30 đến 50 nghìn
Bệnh dịch đã kéo dài bao lâu trong đế chế Ottoman?,cho đến phần tư thứ hai của thế kỷ 19
Tối đa có bao nhiêu người đã chết vì bệnh dịch hạch ở Baghdad?,hai phần ba dân số Baghdad
Tại sao cần có dòng thời gian thứ hai?,thu gọn đại gần đây nhất
Dòng thời gian nào được mở rộng hơn nữa trong thang thứ tư?,Đệ tứ
Tên của thế mới nhất là gì?,Toàn tân
Thế Canh tân diễn ra trong kỷ nào?,Đệ tứ
Nguyên lý nào dựa trên sự xuất hiện của hóa thạch trong đá trầm tích?,Nguyên lý diễn thế động vật
Nguyên lý diễn thế động vật được xây dựng dựa trên nguyên lý của ai?,William Smith
Việc không phải tất cả các hóa thạch có thể được tìm thấy trên toàn cầu cùng một lúc khiến cho nguyên tắc trở nên như thế nào?,phức tạp
Sự hiện diện hay vắng mặt của cái gì có thể được sử dụng để xác định tuổi tương đối của sự hình thành mà chúng được tìm thấy?,các sinh vật
Nguyên lý diễn thế động vật đã được phát triển 100 năm trước thuyết tiến hóa của ai?,Charles Darwin
Ai thực hiện phân tích các phần địa tầng như lõi khoan?,các nhà địa tầng học
Loại khảo sát nào cho thấy vị trí của các phân vị địa tầng trong lớp dưới bề mặt?,địa vật lý
Điều gì có thể được kết hợp với dữ liệu địa vật lý để tạo ra cái nhìn rõ hơn về phần dưới bề mặt?,nhật ký giếng khoan
Các nhà địa tầng học sử dụng công cụ gì để xem dữ liệu của họ theo ba chiều?,các chương trình máy tính
Các nhà địa tầng học cố gắng xác định vị trí các khu vực cho các loại khai thác gì?,hydrocarbon
Fielding H. Garrison tin rằng khoa học địa chất có thể bắt nguồn từ đâu?,Ba Tư
"Sống từ 973-1048 SCN, ông là một trong những nhà địa chất Ba Tư sớm nhất, ông tên gì?",Abu al-Rayhan al-Biruni
"Ở Trung Quốc, người này đã suy luận rằng vùng đất này được hình thành do sự xói mòn của các ngọn núi và do sự lắng đọng phù sa, tên của ông là gì?",Shen Kuo
"Người này đề xuất giải thích về nguồn gốc của các trận động đất và sự hình thành của những ngọn núi, tên của ông là gì?",Ibn Sina
Điều gì đã khiến Shen Kuo tin rằng vùng đất này được hình thành do sự xói mòn của những ngọn núi?,quan sát của ông về vỏ động vật hóa thạch
Ai được xem là nhà địa chất hiện đại đầu tiên?,James Hutton
"Năm 1785, James Hutton đã trình bày bài viết gì cho Hiệp hội Hoàng gia Edinburgh?",Lý thuyết về Trái Đất
James Hutton đã xuất bản một phiên bản 2 tập về lý thuyết của mình vào năm nào?,năm 1795
Ý tưởng chính của bài viết của James Hutton là gì?,Trái Đất phải già hơn nhiều so với độ tuổi được nghĩ trước đây
Khu định cư được ghi nhận đầu tiên trong tại Newcastle ngày nay là gì?,Pons Aelius
Con sông nào ban đầu có một cây cầu bắc qua thời La Mã?,Sông Tyne
Dân số ước tính của Pons Aelius vào khoảng thế kỷ thứ 2 là bao nhiêu?,2.000
Bức tường của ai có mảnh vỡ mà thậm chí ngày nay có thể nhìn thấy ở những nơi xung quanh Newcastle?,Hadrian
Người La Mã sợ bộ lạc nào sẽ xâm chiếm từ phía Bắc?,Pictish
Chợ Grainger đã thay thế chợ nào trước đó?,Chợ Butcher
Chợ trong nhà đầu tiên của Newcastle mở cửa khi nào?,năm 1835
Có bao nhiêu khách tham dự bữa tối ăn mừng khai trương Chợ Grainger?,2000
Việc khai trương Chợ Grainger được ghi lại trong Phòng trưng bày Nghệ thuật Laing như thế nào?,một bức tranh
Cơ quan nào đã liệt kê kiến trúc Chợ Grainger Market là cấp 1 vào năm 1954?,năm 1954
Lindisfarne được phân loại là thể loại âm nhạc gì?,rock dân gian
Bài hát Fog on the Tyne được phát hành vào năm nào?,1971
Ban nhạc nào được nhiều người coi là ban nhạc black metal đầu tiên?,Venom
Ban nhạc nào thường được coi là ban nhạc metal dân gian đầu tiên?,Skyclad
"Andy Taylor, người sinh ra ở Newcastle, là cựu guitar chính của ban nhạc nào?",Duran Duran
Đường sắt ngầm bao phủ bao nhiêu phần của Tyne và Wear?,Hệ thống Metro Tyne và Wear
Metro đã khai trương bao nhiêu giai đoạn từ năm 1980 đến 1984?,năm
Những loại đường hầm nào được xây dựng đ qua trung tâm thành phố Newcastle?,mức sâu
Nữ hoàng Elizabeth II đã khai trương gì ở Newcastle năm 1981?,Một cây cầu
Mạng lưới đường sắt ở Newcastle vận chuyển bao nhiêu hành khách mỗi năm?,37 triệu
Newcastle có bao nhiêu trường đại học?,hai
Trường đại học nào có nguồn gốc từ một trường liên quan đến y học và phẫu thuật?,Đại học Newcastle
Đại học Newcastle đã giành được gì vào năm 2000?,giải thưởng Đại học của Năm của Thời báo Chủ nhật
Điều gì đã xảy ra vào năm 1992 trong quá trình trên toàn Vương quốc Anh?,các trường cao đăng bách khoa thành trường đại học mới”
Trường đại học nào đã giành giải thưởng cho Tổ chức hỗ trợ CNTT nhiều nhất?,Đại học Northumbria
V & A có nguồn gốc từ triển lãm thế giới nào?,Triển lãm Lớn năm 1851
Giám đốc đầu tiên của V&A là ai?,Henry Cole
Bảo tàng ban đầu được gọi là gì?,Bảo tàng Sản xuất
V&A được chuyển đến từ vị trí ban đầu tại Marlborough House đến đâu?,Somerset House
Kiến trúc sư người Đức nào được yêu cầu tạo một thiết kế cho bảo tàng?,Gottfried Semper
Khoảng bao nhiêu tác phẩm nghệ thuật có trong các bộ sưu tập Viễn Đông?,hơn 70.000
Những quốc gia nào được đại diện trong bộ sưu tập Viễn Đông?,"Trung Quốc, Nhật Bản và Hàn Quốc"
Tên của phòng trưng bày dành cho nghệ thuật Trung Quốc là gì?,Phòng trưng bày T. T. Tsui
Phòng trưng bày dành cho nghệ thuật Trung Quốc mở cửa vào năm nào?,1991
Hầu hết các tác phẩm nghệ thuật của Trung Quốc trong các bộ sưu tập Viễn Đông có từ hai triều đại nào?,nhà Minh và nhà Thanh
Có bao nhiêu vật phẩm trong bộ sưu tập trang phục của V&A?,hơn 14.000
Bộ phận nào lưu trữ các tác phẩm trên giấy của bộ sưu tập trang phục?,“Chữ và Ảnh”
Tại sao bộ sưu tập chủ yếu có quần áo thời trang được làm cho những dịp đặc biệt?,Bởi vì quần áo hàng ngày từ thời đại trước thường không còn tồn tại
V&A đã nhận được bộ sưu tập Talbot Hughes vào năm nào?,1913
Bộ sưu tập Talbot Hughes là một món quà từ công ty nào?,Harrods
Khoảng bao nhiêu tên đã được ký trong một bản kiến nghị trực tuyến trên trang web của Nghị viện để đáp lại việc đóng cửa phòng trưng bày Nhạc cụ?,5.100 cái tên
Thành viên nào của Quốc hội giải thích cách bảo tàng sẽ bảo quản bộ sưu tập và duy trì cho công chúng tham quan?,Bryan Davies
Bảo tàng nào sẽ được mượn các nhạc cụ phòng trưng bày Nhạc Cụ?,Bảo tàng Horniman
Khoảng bao nhiêu nhạc cụ đã được cho Bảo tàng Horniman mượn?,35
Phòng trưng bày Nhạc Cụ đóng cửa vào năm nào?,năm 2010
John Sheepshanks đã tặng một bộ sưu tập lớn gồm các bức tranh vào năm nào?,Năm 1857
John Sheeshanks đã tặng bao nhiêu bức tranh cho bảo tàng?,233
Mục tiêu của John Sheepshanks khi hiến tặng đáng kể cho bảo tàng là gì?,thành lập “Phòng trưng bày Quốc gia về Nghệ thuật nước Anh”
"Vào năm 1888, con gái của John Sheepshanks đã tặng một bản phác thảo dầu kích thước đầy đủ năm 1821 của bức tranh nổi tiếng nào của nước Anh?",The Hay Wain
Những bức tranh do Sheepshanks tặng là của các nghệ sĩ có quốc tịch nào?,người Anh
"Năm 2000, ABC bắt đầu một chiến dịch dựa trên internet tập trung vào điều gì?",logo vòng tròn
Ai được thuê để sản xuất đặc điểm nhận dạng năm 2001-02 của ABC?,Tập đoàn Thiết kế Troika
Logo ABC 2001 màu gì?,màu đen và vàng
Biệt danh cho logo của ABC trong chiến dịch năm 2000 là gì?,dấu chấm
Ai đã thiết kế đồ họa mới năm 1998 của ABC?,Pittard Sullivan
ABC đã ngừng sử dụng bản nhạc bốn nốt để quảng bá vào năm nào?,năm 2015
Tiếng lengkeng bốn nốt mới cho ABC dựa trên chiến dịch hình ảnh nào?,Chúng tôi Yêu TV
Tiếng leng keng bốn nốt cuuả ABC vẫn còn được sử dụng ở đâu?,ABC theo Yêu cầu
Ai được Noble bổ nhiệm làm chủ tịch ABC vào năm 1950?,Robert Kintner
Goldenson đề xuất sáp nhập giữa UPT và mạng nào vào tháng 10 năm 1954?,Mạng lưới Truyền hình DuMont
"Theo kế hoạch sáp nhập của Goldenson, thực thể mới sẽ được đặt tên là gì?",ABC-DuMont
Mạng lưới Truyền hình DuMont sẽ nhận được bao nhiêu tiền theo kế hoạch sáp nhập của Goldenson?,5 triệu đô la tiền mặt
ABC đã hoàn thành việc chuyển đổi sang màu sắc trong thập kỷ nào?,những năm 1970
Những năm 1970 đã đưa mạng nào leo lên vị trí đầu tiên về tỷ suất người xem?,ABC
ABC đã bắt đầu sử dụng loại dữ liệu nào vào những năm 1970 để nhắm mục tiêu quảng cáo và lên chương trình cho một số đối tượng khán giả nhất định được tốt hơn?,hành vi và nhân khẩu học
Ba mạng lưới chiếm bao nhiêu phần trăm số người xem TV vào khung giờ vàng vào năm 1980?,90%
Bộ phim nào của Aaron Spelling ra mắt trên ABC vào thập niên 80?,Dynasty
Ngoại truyện của Happy Days đã ra mắt vào những năm 1980 trên ABC là gì?,Mork & Mindy
ABC đã ra mắt kênh nào vào năm 1981 mà tập trung vào chương trình văn hóa và nghệ thuật?,Dịch vụ Truyền hình Kịch mục Alpha (ARTS)
Thiết Mộc Chân kết hôn với người phụ nữ của bộ lạc nào khi anh ta khoảng 16 tuổi?,Hoằng Cát Lạt
Ai đã bắt cóc người vợ đầu của Thiết Mộc Chân ngay sau khi họ kết hôn?,Miệt Nhi Khất
Ai đã giúp Thiết Mộc Chân giải cứu vợ mình khỏi bộ lạc Miệt Nhi Khất?,"Trát Mộc Hợp, và người bảo vệ của anh, Vương Hãn Thoát Lý"
Con trai đầu của vợ Bột Nhi Thiếp của Thiết Mộc Chân tên là gì?,Truật Xích
Bột Nhi Thiếp sinh Truật Xích vào năm nào?,1185
Trát Mộc Hợp đã hỗ trợ ai mà không phải là một phần của cơ sở quyền lực của Thiết Mộc Chân?,tầng lớp quý tộc truyền thống Mông Cổ
Lời tuyên bố của pháp sư nào đã hỗ trợ cho sự trỗi dậy của Thiết Mộc Chân?,Kokochu
Khi nào Thiết Mộc Chân được bầu là hãn của người Mông Cổ?,Năm 1186
Thiết Mộc Chân đã thua Trát Mộc Hợp trong trận chiến nào ngay sau khi được bầu làm hãn?,Trận chiến Dalan Balzhut
"Thoát Lý, người đỡ đầu của Thiết Mộc Chân bị lưu đày đến đâu?",Qara Khitai
Tên Mông Cổ cho vị trí ban đầu của lăng Thành Cát Tư Hã là gì?,Edsen Khoroo
Tu viện Phật giáo nào đã giữ lăng mộ Thành Cát Tư Hãn trong thời kỳ chiếm đóng của Nhật Bản?,Dongshan Dafo Dian
Lính Quốc dân Trung Quốc đã di chuyển lăng mộ đi đâu để tránh khỏi sự tiến lên của lực lượng Cộng sản Trung Quốc?,Tu viện Kumbum hoặc Ta'er Shi gần Tây Ninh
Lăng mộ được trả lại cho “Đền của Chúa tể” ở Mông Cổ vào khi nào?,năm 1954
Ai đã phá hủy các di vaạt có giá trị nhất trong lăng mộ trong thời kỳ Cách mạng Văn hóa?,Hồng Vệ binh
Biển nào giáp với đế chế của Thành Cát Tư Hãn ở phía đông khi ông qua đời?,Biển Nhật Bản
Vùng biển nào ở phía tây của Đế quốc Mông Cổ khi Thành Cát Tư Hãn qua đời?,Biển Caspi
Ai lãnh đạo sự mở rộng nhanh nhất của Đế quốc Mông Cổ?,Oa Khoát Đài Hãn
Cuộc xung đột với nhà Tống kết thúc vào năm nào?,năm 1279
Hậu duệ nào của Thành Cát Tư Hãn đã cướp phá Baghdad?,Húc Liệt Ngột Hãn
Ai đã ngăn bước tiến của Húc Liệt Ngột Hãn trên khắp Trung Đông?,Mamluks của Ai Cập
Hậu duệ nào của Thành Cát Tư Hãn đã đẩy Mamluk ra khỏi Palestine?,Hợp Tán Hãn
Cháu trai của Thành Cát Tư Hãn đã xâm chiếm Kievan Rus' vào năm nào?,Năm 1237
Những thành phố lớn nào ở Đông Âu không bị phá hủy bởi cuộc xâm lược của người Mông Cổ?,Novgorod và Pskov
Ai giám sát Kỹ thuật viên Dược ở Anh?,các kỹ thuật viên dược cao cấp khác
Một kỹ thuật viên dược phải đăng ký với cơ quan nào?,Hội đồng Dược phẩm (GPhC)
Nhiệm vụ chính của GPhC là gì?,kiểm soát hoạt động của dược sĩ và kỹ thuật viên dược
Kỹ thuật viên Dược phẩm được coi là chuyên gia về lĩnh vực gì?,chuyên gia chăm sóc sức khỏe
Kỹ thuật viên dược có thể có những trách nhiệm gì?,quản lý bộ phận dược và các lĩnh vực chuyên môn trong ngành dược
Sự phát triển của các nhà khoa học nào đã ảnh hưởng đến việc tạo ra ngành dược lý trong Hồi giáo thời trung cổ?,thực vật học và hóa học
Ai là người có ảnh hưởng trong việc thúc đẩy sử dụng các hợp chất hóa học làm thuốc?,Muhammad ibn Zakarīya Rāzi
Ai là tác giả của Liber servitoris?,Abu al-Qasim al-Zahrawi
Ai đã viết về việc chưng cất nước biển để uống?,Al-Muwaffaq
Al-Muwaffaq đã phân biệt giữa hai hợp chất nào?,natri cacbonat và kali cacbonat
"Ở đa số các quốc gia, phòng phát thuốc phải tuân theo điều gì?",luật dược phẩm
Những kỹ thuật viên dược trước đây bị giới hạn trách nhiệm gì?,pha chế/phân phát thuốc
Kỹ thuật viên dược phụ thuộc ngày càng nhiều vào điều gì?,tự động hóa
Kỹ thuật viên dược hiện nay có trách nhiệm gì?,các đơn thuốc và các vấn đề an toàn của bệnh nhân
Luật dược phẩm bắt buộc điều gì?,"điều kiện lưu trữ, văn bản bắt buộc, thiết bị, v.v."
Tư vấn dược chủ yếu liên quan đến điều gì?,đánh giá chế độ dùng thuốc
Phần lớn dược sĩ tư vấn có xu hướng làm việc ở đâu?,các viện dưỡng lão
Một số công ty quản lý dược phẩm lớn là gì?,"Omnicare, Kindred Healthcare và PharMerica"
Lý do chính dược sĩ tư vấn đang ngày càng làm việc trực tiếp với bệnh nhân là gì?,nhiều người cao tuổi hiện đang dùng nhiều loại thuốc nhưng vẫn tiếp tục sống bên ngoài các cơ sở y tế
Một số nhà thuốc cộng đồng làm gì?,sử dụng dược sĩ tư vấn và/hoặc cung cấp dịch vụ tư vấn
Dược sĩ được quy định như thế nào trong hầu hết các khu vực pháp lý?,riêng biệt với các bác sĩ
Hầu hết các khu vực pháp lý quy định ai có thể cung cấp thuốc theo lịch trình cho công chúng?,chỉ dược sĩ
Cơ quan nào đã tuyên bố rằng các bác sĩ cũng có thể phân phối thuốc trong các điều kiện cụ thể?,Hiệp hội Y khoa Hoa Kỳ (AMA)
Ước tính có bao nhiêu bác sĩ tự phân phát thuốc?,7 đến 10 phần trăm
Dược sĩ bị cấm làm gì?,"thiết lập quan hệ đối tác kinh doanh với bác sĩ hoặc cung cấp cho họ các khoản thanh toán ""lót tay"""
Các rối loạn của hệ thống miễn dịch có thể dẫn đến điều gì?,các bệnh tự miễn dịch
Sự suy giảm miễn dịch xảy ra khi nào?,khi hệ thống miễn dịch hoạt động kém hơn bình thường
Sự suy giảm miễn dịch gây ra điều gì?,nhiễm trùng tái phát và đe dọa tính mạng
Kể tên một trong những nguyên nhân gây suy giảm miễn dịch.,bệnh di truyền
Kể tên một bệnh tự miễn dịch thường gặp.,viêm tuyến giáp Hashimoto
Điều gì xảy ra khi hệ thống miễn dịch hoạt động kém hơn bình thường?,Suy giảm miễn dịch
Thuật ngữ cho một hệ thống miễn dịch quá hiếu động tấn công các mô bình thường là gì?,tự miễn dịch
Lĩnh vực nào liên quan đến việc nghiên cứu hệ thống miễn dịch?,Miễn dịch học
Bệnh mắc phải nào dẫn đến suy giảm miễn dịch ở người?,HIV/AIDS
Loại thuốc chống viêm mạnh nhất là gì?,Glucocorticoids
Thuốc chống viêm ở liều thấp đôi khi được sử dụng với những loại thuốc gì?,thuốc gây độc tế bào hoặc thuốc ức chế miễn dịch
Hai ví dụ về thuốc gây độc tế bào hoặc thuốc ức chế miễn dịch là gì?,methotrexate hoặc azathioprine
Một ví dụ về một loại thuốc ức chế miễn dịch ngăn chặn hoạt động của tế bào T bằng cách thay đổi đường dẫn truyền tín hiệu là gì?,cyclosporin
Các ví dụ về các tế bào tác dụng biệt hóa đạt đỉnh trong thời gian thức là gì?,các tế bào giết tự nhiên gây độc và CTL (tế bào lympho T độc)
Hai phân tử chống viêm đạt đỉnh trong thời gian thức là gì?,cortisol và catecholamine
Viêm xảy ra trong thời gian ngủ vì sự hiện diện của phân tử gì?,melatonin
Melatonin trong khi ngủ có thể tích cực chống lại việc sản sinh cái gì?,quá trình sản sinh gốc tự do
Những phân tử nào của hệ thống miễn dịch thích ứng chỉ tồn tại ở động vật có xương hàm?,globulin miễn dịch và các thụ thể tế bào T
Hai ví dụ của động vật không có xương hàm nguyên thủy là gì?,cá mút đá và cá mút đá myxin
Động vật không có xương hàm nguyên thủy sở hữu một mảng các thụ thể được gọi là gì?,Thụ thể tế bào lympho biến đổi (VLR)
Sự tiến hóa của phần nào của hệ thống miễn dịch xảy ra trong tổ tiên tiến hóa của động vật có xương hàm?,hệ thống miễn dịch thích ứng
Quá trình mà hệ thống miễn dịch thích ứng bị lẩn tránh bởi sự thay đổi của các epitopes không thiết yếu được gọi là gì?,tính thay đổi kháng nguyên
Một ví dụ về một loại virus sử dụng tính thay đổi kháng nguyên là gì?,HIV
Một ví dụ về một ký sinh trùng đã sử dụng chiến lược thay đổi kháng nguyên để trốn tránh bị tiêu diệt là gì?,Trypanosoma brucei
Những hợp chất nào có thể được che dấu bằng các phân tử của tế bào chủ để virus trốn tránh sự phát hiện?,kháng nguyên
"Sau vụ thảm sát Peterloo, nhà thơ nào đã viết “Cái mặt nạ của Tình trạng vô chính phủ”?",Percy Shelley
Bài thơ của ông được coi là loại phản đối gì đầu tiên?,bất bạo động
"Lấy cảm hứng từ Shelley, học thuyết của Gandhi có tên là gì?",Satyagraha
Gandhi thường nhắc đến bài thơ của Shelley trong nỗ lực làm gì?,Ấn Độ tự do
Tác giả nổi tiếng nào đã sử dụng sự tương đồng và giống nhau của Percy Shelly trong bài viết của mình?,Henry David Thoreau
Ai đã viết bài thơ “Cái mặt nạ của Tình trạng vô chính phủ”?,Percy Shelley
“Cái mặt nạ của Tình trạng vô chính phủ” được viết để phản đối những gì?,các hình thức bất công của chính quyền
Nguyên tắc thể hiện trong “Cái mặt nạ của Tình trạng vô chính phủ” là gì?,sự phản đối bất bạo động
Công trình của Ghandi được gọi là gì?,Satyagraha
Người Ấn Độ nổi tiếng nào đã thực hành bất tuân dân sự?,Gandhi
Khi có một nỗ lực tích cực nhằm lật đổ một chính phủ hoặc hệ thống niềm tin thì được gọi là gì?,Bất tuân dân sự cách mạng
Nhóm người nào thực hiện bất tuân dân sự cách mạng đối với chính phủ Áo?,những người Hungary
Những người Hungary thực hiện sự bất tuân dân sự này dưới sự chỉ đạo của ai?,Ferenc Deák
Bất tuân dân sự cách mạng đối với văn hóa được nêu bật bằng ví dụ của ai?,Gandhi
Bất tuân dân sự có thể liên quan đến những chủ đề nào khác?,"truyền thống văn hóa, phong tục xã hội, tín ngưỡng"
Một hình thức đơn giản của bất tuân dân sự là gì?,Bất tuân dân sự phi cách mạng
Tại sao một người chọn bất tuân dân sự chống lại luật cụ thể?,"họ bị đánh giá là ""sai"" theo lương tâm cá nhân"
Mục tiêu của sự bất tuân dân sự cá nhân là gì?,làm cho một số luật không có hiệu lực
Loại bất tuân dân sự nào thì có quy mô lớn hơn?,Bất tuân dân sự cách mạng
Những hành động của người Ấn Độ nổi tiếng nào được coi là bất tuân dân sự?,Gandhi
"Tẩy chay, từ chối nộp thuế, ngồi chiếm chỗ, và né tránh dự thảo, tất cả làm cho điều gì khó khăn hơn?",hệ thống hoạt động
Kể tên một cách mà tổ chức Plowshares tạm thời đóng GCSB Waihopai?,khóa các cổng
Kể tên một cách khác mà tổ chức Plowshares tạm thời đóng cửa?,sử dụng liềm để làm xẹp một trong những mái vòm lớn bao phủ hai đĩa vệ tinh
Brownlee lập luận rằng đôi khi mọi người cư xử theo cách nào để vấn đề của họ được lắng nghe?,sự ép buộc hạn chế
"Khi một nhóm lớn người tẩy chay một hệ thống hoặc không phải trả thuế, điều đó có thể được xem xét?",ép buộc
Một loại bất tuân chống lại chính phủ liên bang là gì?,từ chối nộp thuế
Tác dụng phụ không may của những phản đối này là gì?,khiến hệ thống hoạt động khó khăn hơn
Mục tiêu của những phản đối này là gì?,vấn đề của họ được đưa ra ra thảo luận
Làm thế nào bạn có thể phản đối chống lại các công ty lớn theo cách không bạo lực?,khóa các cổng
Một số người bất tuân dân sự cảm thấy cần phải thừa nhận điều gì.,hình phạt
Tại sao việc cần phải chấp nhận hình phạt là cần thiết?,họ tin vào hiệu lực của khế ước xã hội
Một số người phản đối điều gì?,tính hợp pháp của một luật cụ thể
Nhóm hoàn toàn không đồng ý với chính phủ được gọi là gì?,người theo chủ nghĩa vô chính phủ
Người theo chủ nghĩa vô chính phủ không muốn chấp nhận hình phạt vì lý do gì?,không vi phạm quyền của người khác
Loại hình phạt nào đôi khi được đề nghị cho những người bất tuân dân sự?,thỏa thuận nhận tội
Mục tiêu của thỏa thuận nhận tội thường là gì?,không phải ngồi tù
"Khi nhiều người bị bắt, một chiến thuật đàm phán phổ biến là gì?",đoàn kết
Loại nhận tội nào đôi khi được coi là một hành động bất tuân?,“nhận tội không thỏa thuận”
Người Ấn Độ nổi tiếng nào đã nhận tội và hoàn toàn chịu các phán quyết của tòa án?,Mohandas Gandhi
Quy trình thiết kế và thi công một tòa nhà hoặc cơ sở hạ tầng là gì?,Xây dựng
Điều gì thường tạo ra hàng loạt mặt hàng tương tự mà không có người mua được chỉ định?,sản xuất
Ngành xây dựng đóng góp bao nhiêu % tổng sản phẩm nội địa?,6-9%
Ba điều cần thiết để xây dựng diễn ra là gì?,"lên kế hoạch,[cần dẫn nguồn] thiết kế, lập dự toán"
Xây dựng diễn ra tại địa điểm dành cho ai?,một khách hàng đã biết
Engineering News-Record là gì?,một tạp chí thương mại cho ngành xây dựng
Cái gì tổng hợp và báo cáo về dữ liệu về quy mô của các công ty thiết kế và xây dựng?,Engineering News-Record (ENR)
ENR đã biên soạn dữ liệu trong chín phân khúc thị trường vào năm nào?,năm 2014
ENR đã sử dụng dữ liệu về những gì để xếp hạng 400 công ty hàng đầu là các nhà thầu nặng?,"giao thông vận tải, cống, chất thải nguy hại và nước"
Ba phân ngành xây dựng là gì?,"xây dựng công trình, xây dựng công trình nặng và dân dụng, và các nhà thầu thương mại đặc biệt"
Có những danh mục khác để làm gì?,"các công ty dịch vụ xây dựng (ví dụ: kỹ thuật, kiến trúc) và quản lý xây dựng"
Cái gì có một hệ thống phân loại cho các công ty xây dựng?,Phân loại Công nghiệp Tiêu chuẩn và Hệ thống Phân loại Công nghiệp Bắc Mỹ mới hơn
Quản lý xây dựng là gì?,các công ty tham gia quản lý dự án xây dựng mà không chịu trách nhiệm lập dự toán trực tiếp để hoàn thành dự án xây dựng
Xu hướng hiện đại trong thiết kế là hướng tới sự tích hợp những gì?,sự tích hợp của các chuyên ngành riêng biệt trước đây
"Ngay cả trong các công ty lớn, kiến trúc sư, nhà thiết kế nội thất, kỹ sư, nhà phát triển, quản lý xây dựng và nhà thầu chung có nhiều khả năng là gì?",các công ty hoàn toàn riêng biệt
"Trong thời hiện đại, các công ty có thể tự cung cấp điều gì cho một dự án xây dựng?","""mua sắm một cửa"""
"Loại hợp đồng nào được đưa ra khi nhà thầu được cung cấp một yêu cầu chất lượng và phải thực hiện dự án từ thiết kế đến xây dựng, trong khi tuân thủ các yêu cầu về chất lượng?","hợp đồng ""xây dựng thiết kế"""
Một dự án phải tuân thủ điều gì?,yêu cầu về quy hoạch và quy chuẩn xây dựng
Xây dựng một dự án không tuân thủ quy chuẩn sẽ không có lợi cho ai?,chủ sở hữu
Các cân nhắc malum in se là gì?,mong muốn ngăn chặn những thứ tồi tệ hiển nhiên
Các cân nhặc malum prohibitum là gì?,những điều là vấn đề phong tục hoặc kỳ vọng
Ai có thể tìm kiếm những thay đổi hoặc miễn trừ trong luật điều chỉnh khu đất nơi tòa nhà sẽ được xây dựng?,Một luật sư
Các trường trung học tư thục ở Đức được gọi là gì?,Ergänzungsschulen
Hầu hết trường ergänzungsschulen là trường gì?,dạy nghề
Ergänzungsschulen lấy kinh phí từ đâu?,học phí
"Cùng với các cá nhân và tổ chức tư nhân, những nhóm nào đôi khi điều hành ergänzungsschulen?",tôn giáo
Thuật ngữ cho một trường tư ở Ấn Độ là gì?,trường độc lập
"Cùng với CISCE và NENBSE, Hội đồng Kiểm tra đáng chú ý ở nhiều bang Ấn Độ là gì?",CBSE
Có bao nhiêu Hội đồng Kiểm tra ở Ấn Độ?,30
Cơ quan nào ở Ấn Độ cung cấp định hướng chính sách cho các trường học?,chính phủ liên hiệp
Luật nào của Nam Phi công nhận hai loại trường?,Đạo luật Trường học Nam Phi
Đạo luật Trường học Nam Phi được thông qua vào năm nào?,1996
"Cùng với các trường công lập, loại trường nào được công nhận theo Đạo luật Trường học Nam Phi?",độc lập
"Ở Nam Phi, cùng với các trường tư thục, trường nào được phân loại là trường độc lập?",tư thục truyền thống
Các nhà truyền giáo thành lập đáng kể các trường nhà thờ ở Nam Phi vào thế kỷ nào?,XIX
"Sau khi bãi bỏ hệ thống phân biệt chủng tộc, loại trường nào được gọi là trường ""Mô hình C""?",các trường chính phủ trước đây dành cho trẻ em da trắng
Quả học tập ở các trường Mô hình C trước đây so với các trường khác như thế nào?,tốt hơn
Học phí tại các trường Mô hình C trước đây so với học phí ở các trường khác như thế nào?,cao hơn nhiều
Vụ kiện nào đã xóa bỏ tình trạng phân biệt chủng tộc trong trường học ở Hoa Kỳ?,Brown đối với Hội đồng Giáo dục Topeka
Một thuật ngữ xúc phạm dành cho các học viện Cơ đốc giáo phát sinh trong thời kỳ các trường học xóa bỏ tình trạng phân biệt chủng tộc là gì?,học viện tách biệt
"Ở phần nào của Hoa Kỳ, nhiều sinh viên đã di cư đến các học viện Cơ đốc trong thời kỳ xóa bỏ tình trạng phân biệt chủng tộc?",miền Nam
Chủng tộc chính của các sinh viên theo học các học viện Cơ đốc sau quyết định Brown là gì?,da trắng
Sự xóa bỏ tình trạng phân biệt chủng tộc trong trường học ở Hoa Kỳ đã dẫn đến sự gia tăng số lượng học sinh thuộc sắc tộc nào trong các trường công lập?,người Mỹ gốc Phi
Trường đại học nằm ở thành phố lớn nào của Hoa Kỳ?,Boston
Quy mô khoản tài trợ của trường là bao nhiêu?,"37,6 tỷ USD"
Con sông nào nằm trong vùng lân cận của trường?,Charles
Trường có bao nhiêu đơn vị học thuật?,mười một
Khuôn viên chính tập trung ở khu vực nào của Cambridge?,Harvard Yard
Sân vận động Harvard nằm ở đâu?,Allston
Tên của cây cầu nối với các khuôn viên qua sông Charles là gì?,John W. Weeks
"Đại học Y Harvard, Đại học Nha khoa Harvard, và Đại học Y tế Công cộng Harvard nằm ở đâu?",Khu Y tế và Học thuật Longwood
Phong trào thoái vốn khỏi Nam Phi diễn ra khi nào?,cuối những năm 1980
Sinh viên Harvard đã phong tỏa bài phát biểu của Phó Lãnh sự Nam Phi nào?,Duke Kent-Brown
Công ty quản lý Harvard đã giảm bao nhiêu cổ phần Nam Phi của mình để đối phó với áp lực?,230 triệu USD
Tỷ lệ nhập học của ứng viên cho năm học 2019 là bao nhiêu?,"5,3%"
Harvard đã kết thúc chương trình nhập học sớm vào năm nào?,năm 2007
Tại sao Harvard kết thúc chương trình nhập học sớm?,được cho là gây bất lợi cho các ứng viên thiểu số có thu nhập thấp và đại diện dưới mức
Chương trình nhập học sớm được giới thiệu lại vào năm nào?,2016
Thư ký LHQ nào đã học tại Harvard?,Ban Ki-moon
Tổng thống Columbia nào đã học tại Harvard?,Juan Manuel Santos
Tổng thống Costa Rica nào đã học tại Harvard?,Jose María Figueres
Cựu sinh viên Harvard nào là Thủ tướng Palestine?,Benjamin Netanyahu
Thành phố nào ở Florida có dân số đông nhất?,Jacksonville
Dân số thành phố Jacksonville vào năm 2010 là bao nhiêu?,1.345.596 người
"Chỉ dựa trên dân số, thứ hạng của Jacksonville ở Hoa Kỳ là gì?",thứ 12
Jacksonville nằm ở quận nào?,Quận Duval
Việc hợp nhất vào năm nào đã khiến Jacksonville trở thành một phần của Quận Duval?,năm 1968
Con sông nào chạy dọc theo Jacksonville?,St. Johns
Jacksonville cách Miami bao xa?,340 dặm
Tên thuộc địa của Pháp được thành lập năm 1564 là gì?,Fort Fortine
"Trước khi người Pháp đến, khu vực hiện được gọi là Jacksonville trước đây có người nào sinh sống?",Timucua
Jacksonville được đặt theo tên của nhân vật lịch sử nào?,Andrew Jackson
Ai đã lập bản đồ sông St. Johns năm 1562?,Jean Ribault
Ribault ban đầu tuyên bố những gì bây giờ là Jacksonville là dành cho quốc gia nào?,Pháp
Ai đã lãnh đạo cuộc tấn công vào thuộc địa Pháp năm 1565?,Pedro Menéndez de Avilés
Fort Caroline được đổi tên thành gì sau cuộc tấn công của Tây Ban Nha?,San Mateo
Pháo đài nào được xây dựng lại vào năm 1964?,Fort Caroline
Điều gì đã đưa cư dân đến nhà ở ngoại ô yên tĩnh hơn?,đường cao tốc
Dân số da trắng của Jacksonville vào năm 2010 là bao nhiêu,"55,1%"
Thuật ngữ nào đề cập đến việc tầng lớp trung lưu rời khỏi vùng ngoại ô?,chuyến bay trắng
Ai chịu trách nhiệm cho các dự án xây dựng mới ở Jacksonville?,Thị trưởng W. Haydon Burns
Jacksonville bắt đầu chịu ảnh hưởng và suy tàn sau sự kiện lớn nào trên thế giới?,Thế Chiến II
Cơn bão nào có tác động đáng kể nhất đến Jacksonville?,Cơn bão Dora
Những cơn gió xung quanh St. Augustine nhanh như thế nào trong cơn bão năm 1964?,110 dặm/giờ
Tên của cơn bão đã vào Jacksonville vào tháng 5 năm 2012 là gì?,Cơn bão Nhiệt đới Beryl
Thang đo được sử dụng để đo cường độ của cơn bão được gọi là gì?,Thang Saffir-Simpson
Một cơn bão nhiệt đới gây ra mất điện bốn ngày cho Jacksonville vào năm nào?,năm 2008
Stiglitz đã trình bày điều gì trong năm 2009 về bất bình đẳng toàn cầu?,bằng chứng
Bất bình đẳng ngăn chặn tăng trưởng như thế nào?,hạn chế tổng cầu
Branko Milanovic và Joseph Stiglitz đều là ai?,Nhà kinh tế
Điều gì là lý do chính cho sự thay đổi quan điểm rằng bất bình đẳng thu nhập gây hại cho tăng trưởng?,tầm quan trọng ngày càng tăng của vốn nhân lực trong sự phát triển
Điều gì đã trở thành bí quyết cho tăng trưởng kinh tế?,giáo dục rộng khắp
Galor và Zeria chỉ ra thông tin mới về bất bình đẳng khi nào?,Năm 1993
Sự bất bình đẳng với sự hiện diện của thị trường tín dụng không hoàn hảo có ảnh hưởng gì đến sự hình thành vốn nhân lực?,bất lợi
Một nghiên cứu năm 1996 của Perotti đã xem xét điều gì?,các kênh mà qua đó bất bình đẳng có thể ảnh hưởng đến tăng trưởng kinh tế
Bất bình đẳng gắn với mức độ gì cao hơn?,sinh sản
Những xã hội cực kỳ bất bình đẳng có xu hướng gì?,bất ổn về chính trị và xã hội
Những nghiên cứu về bất bình đẳng thu nhập đôi khi tìm thấy bằng chứng xác nhận điều gì?,giả thuyết đường cong Kuznets
"Đường cong Kuznets nói rằng với sự phát triển kinh tế, bất bình đẳng sẽ giảm sau điều gì?",trước hết tăng lên
Ai thách thức khái niệm đường cong Kuznets?,Thomas Guletty
Công việc của Thomas Guletty là gì?,Nhà kinh tế học
Guletty cảm thấy là yếu tố lớn nhất trong việc giảm bất bình đẳng từ năm 1914 đến năm 1945 là gì?,"chiến tranh và ""những cú sốc chính trị và kinh tế bạo lực"""
Các lý thuyết được phát triển vào khi nào cho thấy sự bất bình đẳng có thể có một số tác động tích cực đến phát triển kinh tế?,những năm 1970
"Theo đánh giá năm 1955, tiền tiết kiệm của những người giàu có được cho là sẽ bù đắp cho điều gì?",nhu cầu tiêu dùng giảm
Một báo cáo năm 2013 về Nigeria cho thấy sự tăng trưởng của Nigeria đã như thế nào?,tăng lên
Mất bao lâu để các hiệu ứng biểu hiện dưới dạng những thay đổi đối với tăng trưởng kinh tế?,vài năm
Thời gian tăng trưởng dài hơn liên quan đến là gì?,sự bình đẳng hơn trong phân phối thu nhập
Cần phải thực hiện điều gì để đảm bảo các tầng lớp xã hội nghèo hơn có thể tham gia vào tăng trưởng kinh tế?,những nỗ lực đặc biệt
Độ co giãn tăng trưởng của nghèo đói có thể phụ thuộc vào điều gì?,mức độ bất bình đẳng hiện có
Một đất nước có mức bất bình đẳng cao mất thời gian lâu hơn để đạt được điều gì?,giảm một nửa mức nghèo đói
Ban Ki-Moon là Tổng thư ký của tổ chức nào?,Liên Hợp Quốc
Tăng trưởng kinh tế không đủ cho sự tiến triển của điều gì?,giảm nghèo đói
Doctor Who đi du lịch một mình bao lâu một lần?,hiếm khi
Kẻ thù nào của Doctor Who cũng là Chúa tể Thời gian?,Master
Doctor Who làm gì khi cơ thể bị tổn thương nặng nề?,tái sinh
Doctor Who thường mang theo những sinh vật nào trong những chuyến du hành của mình?,con người
Doctor Who là loại Chúa tể gì?,Chúa tể Tthời gian
Tên của sê-ri Doctor Who đầu tiên là gì?,An Unearthly Child
Tên của cháu gái Doctor Who là gì?,Susan Foreman
Doctor Who tuyên bố rằng ông là Chúa tể Thời gian cuối cùng vào năm nào?,năm 2005
"Vào năm 2005, Doctor Who nghĩ gì về tình trạng của hành tinh quê nhà của anh ta?",phá hủy
Trong tập phim nào Doctor Who thừa nhận đã có anh trai?,Smith and Jones
"Kể từ năm 2005, giới tính của người bạn đồng hành chính của Doctor Who là gì?",nữ
Ai là bạn đồng hành phụ của Doctor thứ Chín và thứ Mười?,Mickey Smith (Noel Clarke) và Jack Harkness (John Barrowman)
Ai là Doctor đầu tiên du hành với một cặp vợ chồng?,Doctor thứ Mười Một
Ai là người bạn đồng hành mới cho sê-ri thứ 10?,Pearl Mackie đóng vai Bill
Ai đóng vai người bạn đồng hành tên Donna Noble?,Catherine Tate
Ai là người đóng góp âm nhạc thường xuyên nhất cho Doctor Who trong 15 năm đầu tiên của chương trình?,Dudley Simpson
Tên tập phim của nhạc phim Doctor Who đầu tiên của Simpson là gì?,Planet of Giants
Dudley Simpson tích cực nhất trong việc đóng góp cho Doctor Who trong thập kỷ nào?,thập niên 1960 và 1970
Tập phim Doctor Who cuối cùng mà Dudley Simpson viết nhạc là gì?,The Horns of Nimon
Trong tập phim nào Dudley Simpson đóng vai một nhạc trưởng?,The Talons of Weng-Chiang
Ai đã đóng vai Doctor Who trên sân khấu vào những năm 70?,Trevor Martin
Tên của vở kịch Doctor Who từ những năm 1980 là gì?,Doctor Who - The Ultimate Adventure
Doctor Who nào được viết mà không có Doctor Who trong đó?,The Curse of the Daleks
Tên của vở kịch được thực hiện trong những năm 1970 là gì?,Doctor Who và the Daleks trong Seven Keys to Doomsday
Diễn viên nào là người thay thế cho Doctor Who do diễn viên chính bị bệnh?,David Banks
Những tòa nhà đầu tiên mà trường đại học xây dựng ngày nay gọi là gì?,Tứ giác Chính
Tứ giác Chính có bao nhiêu tứ giác?,sáu
Ai đã giúp thiết kế Tứ giác Chính?,"Cobb, Shepley, Rutan và Coolidge, Holabird & Roche, và các công ty kiến trúc khác"
Tháp Mitchell được thiết kế trông giống tháp gì của Oxford gì?,Tháp Magdalen
Hội trường Hutchinson được thiết kế giống như hội trường nào của Oxford?,Hội trường Christ Church
Khuôn viên trường bắt đầu trông hiện đại hơn trong thập kỷ nào?,những năm 1940
Ai được giao thiết kế kế hoạch tổng thể thứ hai?,Eero Saarinen
Ludwig Mies van der Rohe đã thiết kế trường quản trị gì?,Trường Quản trị Dịch vụ Xã hội
Trường chính sách công nào đã thành lập cơ sở đầu tiên trong tòa nhà mà Ludwig Mies van der Rohe thiết kế?,Trường Nghiên cứu Chính sách Công Harris
Trung tâm điền kinh Gerald Ratner được xây dựng khi nào?,2003
Tên của trường tư thục bán trú dành cho sinh viên K-12 mà trường đại học điều hành là gì?,Trường Thực nghiệm Đại học Chicago
Tên của chương trình điều trị nội trú mà trường đại học điều hành là gì?,Trường chỉnh hình Sonia Shankman
Trường đại học có bao nhiêu trường công đặc cách?,bốn
Học viện Giáo dục Đô thị giúp quản lý gì?,bốn trường công đặc cách
Hyde Park Day School nằm ở đâu?,khuôn viên trường Đại học Chicago
Giám đốc Điều hành nào của Microsoft cũng là cựu sinh viên của Đại học Chicago?,Satya Nadella
Ai là người sáng lập Tập đoàn Oracle?,Larry Ellison
Người đàn ông giàu thứ ba ở Mỹ là ai?,Larry Ellison
Giám đốc điều hành nào của Goldman Sachs cũng là cựu sinh viên của Đại học Chicago?,Jon Corzine
Ai thành lập McKinsey & Company?,James O. McKinsey
Người nào đoạt Giải Nobel Kinh tế cũng là một cựu sinh viên đại học?,Milton Friedman
Cố vấn nào của thủ tướng Anh cũng là cựu sinh viên đại học?,George Stigler
Ai là người Mỹ đầu tiên đoạt Giải Nobel Kinh tế?,Paul Samuelson
Cựu sinh viên đại học nào được biết đến với công trình về lý thuyết danh mục đầu tư?,Eugene Fama
Khi nào chính quyền của Hốt Tất Liệt hết tiền?,sau năm 1279
Điều gì đã can thiệp vào cuộc xâm lược Nhật Bản lần thứ hai của Hốt Tất Liệt?,cơn bão không may
Nhà Trần cai trị ở đâu?,An Nam
Người Mông Cổ bị nhà Trần đánh bại trong trận chiến nào?,Trận chiến Bạch Đằng
Người Mông Cổ bị nhà Trần đánh bại khi nào?,1288
Ai là con trai của Ái Dục Lê Bạt Lực Bát Đạt?,Cách Kiên Hãn
Khi nào Cách Kiên Hãn là hoàng đế?,1321 đến 1323
Cách Kiên Hãn đã bổ nhiệm ai làm tể tướng?,Baiju
“Đại Nguyên Thống Chế” nghĩa là gì?,thể chế toàn diện của Đại Nguyên
Có bao nhiêu hoàng tử đối thủ đã tham gia ám sát Cách Kiên Hãn?,năm
Những nền văn hóa nào là một phần của chính quyền Hốt Tất Liệt?,"người Hán, Khiết Đan, Nữ Chân, Mông Cổ và Phật giáo Tây Tạng"
Những triều đại nào đã truyền cảm hứng cho các thành phần giống như Trung Quốc trong chính quyền của Hốt Tất Liệt?,"nhà Đường, nhà Tống, cũng như các triều đại nhà Liêu của Khiết Đan và nhà Kim của Nữ Chân"
Hai trong số các cố vấn Trung Quốc của Hốt Tất Liệt là ai?,Lưu Bỉnh Trung và Yao Shu
Chính quyền Hốt Tất Liệt có sự phân chia quyền lực nào?,ba bên
Ba phần của chính quyền Hốt Tất Liệt là gì?,"cơ quan dân sự, quân sự và đô sát"
Huihui là gì?,y học Hồi giáo
Ai thành lập Văn phòng Tây Y?,Jesus the Interpreter
Văn phòng Tây y được thành lập khi nào?,năm 1263
Những khía cạnh nào của y học phương Tây đã làm người Trung Quốc không thích?,hệ thống thể dịch của y học phương Tây
Những triết lý làm nền tảng cho y học Trung Quốc?,âm dương và ngũ hành
Ai nghĩ rằng hệ thống giai cấp xã hội của Yuan không nên được gọi là tầng lớp xã hội?,Frederick W. Mote
Mote đã nghĩ gì về hệ thống giai cấp nhà Nguyên thực sự tiêu biểu cho điều gì?,mức độ đặc quyền
Có nhiều người Trung Quốc với địa vị bất ngờ gì?,giàu có và có địa vị xã hội tốt
Có nhiều người Mông Cổ với địa vị bất ngờ gì?,sống trong nghèo khổ và bị đối xử tàn tệ
Kenya nằm ở đâu trong thang đo CPI?,thấp
Thang đo CPI đo lường cái gì?,tham nhũng khu vực công
Kenya xếp thứ mấy trên thang đo năm 2012?,139
Làm thế nào để Kenya kiềm chế tham nhũng?,thành lập Ủy ban Đạo đức và Chống tham nhũng
Kibaki và Odinga ký một thỏa thuận về việc thành lập chính phủ khi nào?,ngày 28 tháng 2 năm 2008
Vai trò của Odinga trong chính phủ là gì?,Thủ tướng
Tổng thống đã bổ nhiệm các thành viên nội các từ đâu?,phái PNU và ODM
Làm thế nào nó được xác định mỗi phái sẽ được bổ nhiệm bao nhiêu người?,sức mạnh của mỗi đảng trong Quốc hội
Liên minh này sẽ kéo dài bao lâu?,cho đến khi kết thúc Quốc hội hiện tại hoặc nếu một trong hai bên rút khỏi thỏa thuận trước đó
Kết quả của cuộc bầu cử năm 2007 là gì?,phiên xét xử của Tòa án Hình sự Quốc tế
Ai quyết định không đến thăm đất nước này vào năm 2013?,Tổng thống Hoa Kỳ Barack Obama
Kenyatta đã đến thăm nơi nào theo lời mời của Chủ tịch?,Trung Quốc
Obama cuối cùng đã đến thăm Kenya khi nào?,tháng 7 năm 2015
Hầu hết trẻ em làm việc ở đâu?,nông nghiệp
Bao nhiêu phần trăm các cô gái đang làm gái mại dâm ở khu vực ven biển Kenyas?,có tới 30%
Độ tuổi của hầu hết gái mại dâm ở Kenya là bao nhiêu?,9-18
Một số nguyên nhân của lao động trẻ em là gì?,"nghèo đói, thiếu tiếp cận với giáo dục và thể chế chính phủ yếu"
Người Kenya hoạt động trong những môn thể thao nào?,"cricket, đua xe ô tô, bóng đá, bóng bầu dục và boxing"
Đất nước được biết đến nhờ điều gì?,sự thống trị trong các môn điền kinh tầm trung và đường dài
Ai thống trị thế giới chạy đường dài?,Các vận động viên Kenya (đặc biệt là Kalenjin)
Kenya cạnh tranh với các quốc gia nào trong chạy đường dài?,Morocco và Ethiopia
Chủ tịch của IPCC là ai?,Hoesung Lee
Hoesung Lee mang quốc tịch nào?,Hàn Quốc
Phó chủ tịch của IPCC là ai?,Ismail El Gizouli
Ai là chủ tịch đầu tiên của IPCC?,Bert Bolin
Khi nào Pachauri từ chức chủ tịch của IPCC?,tháng 2 năm 2015
Bản tóm tắt WG I dành cho các Nhà hoạch định chính sách cho biết các hoạt động của con người đang làm gì đối với khí nhà kính?,tăng đáng kể nồng độ khí quyển
Khí nhà kính tăng lên gây ra điều gì?,bề mặt Trái đất nóng lên
Bao nhiêu hiệu ứng nhà kính là do CO2?,hơn một nửa
Kịch bản mà chúng ta không thay đổi việc tạo khí nhà kính được gọi là gì?,"""công việc như thường lệ"" (BAU)"
Nhiệt độ không khí bề mặt trung bình toàn cầu đã thay đổi bao nhiêu trong thế kỷ trước?,"0,3 đến 0,6 °C"
IPCC đã nói điều gì là sai lầm?,thời gian
IPCC đã xin lỗi vì điều gì?,"""việc áp dụng kém các thủ tục IPCC được thiết lập tốt trong trường hợp này"""
Nguồn gốc của sai lầm là gì?,báo cáo của WWF
Báo cáo nào có thời gian chính xác?,"""Biến đổi của Tuyết và Băng trong quá khứ và hiện tại trên Quy mô tToàn cầu và Khu vực"""
"Biểu đồ ""Tái tạo nhiệt độ Bán cầu Bắc Nghìn năm"" được dựa trên bài viết năm nào?",năm 1999
"Biểu đồ ""Tái tạo nhiệt độ Bán cầu Bắc Nghìn năm"" dựa trên bài viết của ai?","Michael E. Mann, Raymond S. Bradley và Malcolm K. Hughes"
Biệt danh của biểu đồ “Tái tạo nhiệt độ Bán cầu Bắc Nghìn năm” là gì?,biểu đồ gậy khúc côn cầu
Những tái tạo nào hỗ trợ thông tin của bài viết năm 1999?,"Jones và cộng sự năm 1998, Pollack, Huang & Shen năm 1998, Crowley & Lowery năm 2000 và Briffa năm 2000"
Điều gì đã giải quyết thành công sự suy giảm tầng ôzôn?,Nghị định thư Montreal
Nghị định thư Kyoto đã cố gắng giải quyết vấn đề gì?,Biến đổi Khí hậu
Mục tiêu của ai vẫn thường phản đối IPCC?,các tiểu bang và chính phủ
Vi khuẩn lam đã xâm nhập vào tế bào nào từ lâu?,nhân thực
Vi khuẩn lam xâm nhập vào một tế bào từ bao lâu?,khoảng 1 tỷ năm trước
Cái gì bao quanh lục lạp?,Hai màng lipid kép trong cùng
Những loại màng nào đến từ tế bào chủ?,thực bào
Điều gì đã xảy ra khi vi khuẩn lam bị hòa hợp?,nhiều gen của nó đã mất đi hoặc chuyển vào bộ gen trong nhân tế bào chủ
“Lạp thể” nghĩa là gì?,lục lạp
Có bao nhiêu dòng lục lạp?,ba
Rhodophte có nghĩa là gì?,dòng lục lạp tảo đỏ
Cloroplastidan có nghĩa là gì?,dòng lục lạp xanh lục
